Series code,BS01'MABJMA1,BS01'MABJMA2,BS01'MABJMAA,BS01'MABJMA4,BS01'MABJMA11,BS01'MABJMA5,BS01'MABJMA5A,BS01'MABJMA51,BS01'MABJMA5B,BS01'MABJMA001,BS01'MABJMA002,BS01'MABJMAC,BS01'MABJMAB,BS01'MABJMA003,BS01'MABJMA004,BS01'MABJMA@01,BS01'MABJMA31,BS01'MABJMA32,BS01'MABJMA325,BS01'MA030210171S@,BS01'MABCLE38,BS01'MABJMA10,BS01'MABJMA12,BS01'MABJMA7,BS01'MABJMA13,BS01'MABJMA8,BS01'MABJMTA,BS01'MABJML1,BS01'MABJML11,BS01'MABJML4,BS01'MABJML3,BS01'MABJML8,BS01'MABJML51,BS01'MABJML6,BS01'MABJML5,BS01'MABJML7,BS01'MABJMC1,BS01'MABJMC2

Name of time-series,"Bank of Japan Accounts/Assets/Gold (a)","Bank of Japan Accounts/Assets/Cash (b)","Bank of Japan Accounts/Assets/Receivables under Resale Agreements (c)","(Discontinued) Bank of Japan Accounts/Assets/Bills Purchased (through July 2006) (d)","(Discontinued) Bank of Japan Accounts/Assets/Government Securities in Custody (through March 2001) (e)","Bank of Japan Accounts/Assets/Japanese Government Securities (f)","Bank of Japan Accounts/Assets/Japanese Government Securities/Financing Bills Treasury Bills and Treasury Discount Bills (g)","(Discontinued) Bank of Japan Accounts/Assets/Japanese Government Securities/Financing Bills (through January 2009)","Bank of Japan Accounts/Assets/Japanese Government Securities/Japanese Government Bonds","(Discontinued) Bank of Japan Accounts/Assets/Commercial Papers (through December 2025) (h)","Bank of Japan Accounts/Assets/Corporate Bonds (i)","(Discontinued) Bank of Japan Accounts/Assets/Asset-backed Securities (through September 2006)","(Discontinued) Bank of Japan Accounts/Assets/Pecuniary Trusts (Stocks Held as Trust Property) (through October 2025) (j)","Bank of Japan Accounts/Assets/Pecuniary Trusts (Index-Linked Exchange-Traded Funds Held as Trust Property) (k)","Bank of Japan Accounts/Assets/Pecuniary Trusts (Japan Real Estate Investment Trusts Held as Trust Property) (l)","Bank of Japan Accounts/Assets/Loans and Discounts","Bank of Japan Accounts/Assets/Loans and Discounts/Bills Discounted","Bank of Japan Accounts/Assets/Loans and Discounts/Loans","Bank of Japan Accounts/Assets/Loans and Discounts/Loans/Loans by Funds-Supplying Operations against Pooled Collateral (m)","Bank of Japan Accounts/Assets/Loans and Discounts/Loans/Loans Pursuant to Article 33 of the Bank of Japan Act (Excluding Loans by Funds-Supplying Operations against Pooled Collateral) (n)","Bank of Japan Accounts/Assets/Loans and Discounts/Loans/Loans Pursuant to Article 38 of the Bank of Japan Act","Bank of Japan Accounts/Assets/Loans and Discounts/Loans to the Deposit Insurance Corporation","Bank of Japan Accounts/Assets/Foreign Currency Assets (o)","Bank of Japan Accounts/Assets/Deposits with Agents (p)","(Discontinued) Bank of Japan Accounts/Assets/Cash Collateral for Japanese Government Securities Borrowed (through March 2003) (q)","Bank of Japan Accounts/Assets/Others (r)","Bank of Japan Accounts/Assets/Total (Assets, or Liabilities and Net Assets) (s)","Bank of Japan Accounts/Liabilities and Net Assets/Banknotes","Bank of Japan Accounts/Liabilities and Net Assets/Current Deposits","Bank of Japan Accounts/Liabilities and Net Assets/Other Deposits (t)","Bank of Japan Accounts/Liabilities and Net Assets/Deposits of the Government","Bank of Japan Accounts/Liabilities and Net Assets/Payables under Repurchase Agreements (u)","Bank of Japan Accounts/Liabilities and Net Assets/Bills Sold","(Discontinued) Bank of Japan Accounts/Liabilities and Net Assets/Government Securities Borrowed (through March 2001) (v)","Bank of Japan Accounts/Liabilities and Net Assets/Others (w)","Bank of Japan Accounts/Liabilities and Net Assets/Provisions (x)","Bank of Japan Accounts/Liabilities and Net Assets/Capital","Bank of Japan Accounts/Liabilities and Net Assets/Legal and Special Reserves"
1980/01,,,,,,,,,,,,,,,,,,,,,,,,,,,,,,,,,,,,,,
1980/02,,,,,,,,,,,,,,,,,,,,,,,,,,,,,,,,,,,,,,
1980/03,,,,,,,,,,,,,,,,,,,,,,,,,,,,,,,,,,,,,,
1980/04,,,,,,,,,,,,,,,,,,,,,,,,,,,,,,,,,,,,,,
1980/05,,,,,,,,,,,,,,,,,,,,,,,,,,,,,,,,,,,,,,
1980/06,,,,,,,,,,,,,,,,,,,,,,,,,,,,,,,,,,,,,,
1980/07,,,,,,,,,,,,,,,,,,,,,,,,,,,,,,,,,,,,,,
1980/08,,,,,,,,,,,,,,,,,,,,,,,,,,,,,,,,,,,,,,
1980/09,,,,,,,,,,,,,,,,,,,,,,,,,,,,,,,,,,,,,,
1980/10,,,,,,,,,,,,,,,,,,,,,,,,,,,,,,,,,,,,,,
1980/11,,,,,,,,,,,,,,,,,,,,,,,,,,,,,,,,,,,,,,
1980/12,,,,,,,,,,,,,,,,,,,,,,,,,,,,,,,,,,,,,,
1981/01,,,,,,,,,,,,,,,,,,,,,,,,,,,,,,,,,,,,,,
1981/02,,,,,,,,,,,,,,,,,,,,,,,,,,,,,,,,,,,,,,
1981/03,,,,,,,,,,,,,,,,,,,,,,,,,,,,,,,,,,,,,,
1981/04,,,,,,,,,,,,,,,,,,,,,,,,,,,,,,,,,,,,,,
1981/05,,,,,,,,,,,,,,,,,,,,,,,,,,,,,,,,,,,,,,
1981/06,,,,,,,,,,,,,,,,,,,,,,,,,,,,,,,,,,,,,,
1981/07,,,,,,,,,,,,,,,,,,,,,,,,,,,,,,,,,,,,,,
1981/08,,,,,,,,,,,,,,,,,,,,,,,,,,,,,,,,,,,,,,
1981/09,,,,,,,,,,,,,,,,,,,,,,,,,,,,,,,,,,,,,,
1981/10,,,,,,,,,,,,,,,,,,,,,,,,,,,,,,,,,,,,,,
1981/11,,,,,,,,,,,,,,,,,,,,,,,,,,,,,,,,,,,,,,
1981/12,,,,,,,,,,,,,,,,,,,,,,,,,,,,,,,,,,,,,,
1982/01,,,,,,,,,,,,,,,,,,,,,,,,,,,,,,,,,,,,,,
1982/02,,,,,,,,,,,,,,,,,,,,,,,,,,,,,,,,,,,,,,
1982/03,,,,,,,,,,,,,,,,,,,,,,,,,,,,,,,,,,,,,,
1982/04,,,,,,,,,,,,,,,,,,,,,,,,,,,,,,,,,,,,,,
1982/05,,,,,,,,,,,,,,,,,,,,,,,,,,,,,,,,,,,,,,
1982/06,,,,,,,,,,,,,,,,,,,,,,,,,,,,,,,,,,,,,,
1982/07,,,,,,,,,,,,,,,,,,,,,,,,,,,,,,,,,,,,,,
1982/08,,,,,,,,,,,,,,,,,,,,,,,,,,,,,,,,,,,,,,
1982/09,,,,,,,,,,,,,,,,,,,,,,,,,,,,,,,,,,,,,,
1982/10,,,,,,,,,,,,,,,,,,,,,,,,,,,,,,,,,,,,,,
1982/11,,,,,,,,,,,,,,,,,,,,,,,,,,,,,,,,,,,,,,
1982/12,,,,,,,,,,,,,,,,,,,,,,,,,,,,,,,,,,,,,,
1983/01,,,,,,,,,,,,,,,,,,,,,,,,,,,,,,,,,,,,,,
1983/02,,,,,,,,,,,,,,,,,,,,,,,,,,,,,,,,,,,,,,
1983/03,,,,,,,,,,,,,,,,,,,,,,,,,,,,,,,,,,,,,,
1983/04,,,,,,,,,,,,,,,,,,,,,,,,,,,,,,,,,,,,,,
1983/05,,,,,,,,,,,,,,,,,,,,,,,,,,,,,,,,,,,,,,
1983/06,,,,,,,,,,,,,,,,,,,,,,,,,,,,,,,,,,,,,,
1983/07,,,,,,,,,,,,,,,,,,,,,,,,,,,,,,,,,,,,,,
1983/08,,,,,,,,,,,,,,,,,,,,,,,,,,,,,,,,,,,,,,
1983/09,,,,,,,,,,,,,,,,,,,,,,,,,,,,,,,,,,,,,,
1983/10,,,,,,,,,,,,,,,,,,,,,,,,,,,,,,,,,,,,,,
1983/11,,,,,,,,,,,,,,,,,,,,,,,,,,,,,,,,,,,,,,
1983/12,,,,,,,,,,,,,,,,,,,,,,,,,,,,,,,,,,,,,,
1984/01,,,,,,,,,,,,,,,,,,,,,,,,,,,,,,,,,,,,,,
1984/02,,,,,,,,,,,,,,,,,,,,,,,,,,,,,,,,,,,,,,
1984/03,,,,,,,,,,,,,,,,,,,,,,,,,,,,,,,,,,,,,,
1984/04,,,,,,,,,,,,,,,,,,,,,,,,,,,,,,,,,,,,,,
1984/05,,,,,,,,,,,,,,,,,,,,,,,,,,,,,,,,,,,,,,
1984/06,,,,,,,,,,,,,,,,,,,,,,,,,,,,,,,,,,,,,,
1984/07,,,,,,,,,,,,,,,,,,,,,,,,,,,,,,,,,,,,,,
1984/08,,,,,,,,,,,,,,,,,,,,,,,,,,,,,,,,,,,,,,
1984/09,,,,,,,,,,,,,,,,,,,,,,,,,,,,,,,,,,,,,,
1984/10,,,,,,,,,,,,,,,,,,,,,,,,,,,,,,,,,,,,,,
1984/11,,,,,,,,,,,,,,,,,,,,,,,,,,,,,,,,,,,,,,
1984/12,,,,,,,,,,,,,,,,,,,,,,,,,,,,,,,,,,,,,,
1985/01,,,,,,,,,,,,,,,,,,,,,,,,,,,,,,,,,,,,,,
1985/02,,,,,,,,,,,,,,,,,,,,,,,,,,,,,,,,,,,,,,
1985/03,,,,,,,,,,,,,,,,,,,,,,,,,,,,,,,,,,,,,,
1985/04,,,,,,,,,,,,,,,,,,,,,,,,,,,,,,,,,,,,,,
1985/05,,,,,,,,,,,,,,,,,,,,,,,,,,,,,,,,,,,,,,
1985/06,,,,,,,,,,,,,,,,,,,,,,,,,,,,,,,,,,,,,,
1985/07,,,,,,,,,,,,,,,,,,,,,,,,,,,,,,,,,,,,,,
1985/08,,,,,,,,,,,,,,,,,,,,,,,,,,,,,,,,,,,,,,
1985/09,,,,,,,,,,,,,,,,,,,,,,,,,,,,,,,,,,,,,,
1985/10,,,,,,,,,,,,,,,,,,,,,,,,,,,,,,,,,,,,,,
1985/11,,,,,,,,,,,,,,,,,,,,,,,,,,,,,,,,,,,,,,
1985/12,,,,,,,,,,,,,,,,,,,,,,,,,,,,,,,,,,,,,,
1986/01,,,,,,,,,,,,,,,,,,,,,,,,,,,,,,,,,,,,,,
1986/02,,,,,,,,,,,,,,,,,,,,,,,,,,,,,,,,,,,,,,
1986/03,,,,,,,,,,,,,,,,,,,,,,,,,,,,,,,,,,,,,,
1986/04,,,,,,,,,,,,,,,,,,,,,,,,,,,,,,,,,,,,,,
1986/05,,,,,,,,,,,,,,,,,,,,,,,,,,,,,,,,,,,,,,
1986/06,,,,,,,,,,,,,,,,,,,,,,,,,,,,,,,,,,,,,,
1986/07,,,,,,,,,,,,,,,,,,,,,,,,,,,,,,,,,,,,,,
1986/08,,,,,,,,,,,,,,,,,,,,,,,,,,,,,,,,,,,,,,
1986/09,,,,,,,,,,,,,,,,,,,,,,,,,,,,,,,,,,,,,,
1986/10,,,,,,,,,,,,,,,,,,,,,,,,,,,,,,,,,,,,,,
1986/11,,,,,,,,,,,,,,,,,,,,,,,,,,,,,,,,,,,,,,
1986/12,,,,,,,,,,,,,,,,,,,,,,,,,,,,,,,,,,,,,,
1987/01,,,,,,,,,,,,,,,,,,,,,,,,,,,,,,,,,,,,,,
1987/02,,,,,,,,,,,,,,,,,,,,,,,,,,,,,,,,,,,,,,
1987/03,,,,,,,,,,,,,,,,,,,,,,,,,,,,,,,,,,,,,,
1987/04,,,,,,,,,,,,,,,,,,,,,,,,,,,,,,,,,,,,,,
1987/05,,,,,,,,,,,,,,,,,,,,,,,,,,,,,,,,,,,,,,
1987/06,,,,,,,,,,,,,,,,,,,,,,,,,,,,,,,,,,,,,,
1987/07,,,,,,,,,,,,,,,,,,,,,,,,,,,,,,,,,,,,,,
1987/08,,,,,,,,,,,,,,,,,,,,,,,,,,,,,,,,,,,,,,
1987/09,,,,,,,,,,,,,,,,,,,,,,,,,,,,,,,,,,,,,,
1987/10,,,,,,,,,,,,,,,,,,,,,,,,,,,,,,,,,,,,,,
1987/11,,,,,,,,,,,,,,,,,,,,,,,,,,,,,,,,,,,,,,
1987/12,,,,,,,,,,,,,,,,,,,,,,,,,,,,,,,,,,,,,,
1988/01,,,,,,,,,,,,,,,,,,,,,,,,,,,,,,,,,,,,,,
1988/02,,,,,,,,,,,,,,,,,,,,,,,,,,,,,,,,,,,,,,
1988/03,,,,,,,,,,,,,,,,,,,,,,,,,,,,,,,,,,,,,,
1988/04,,,,,,,,,,,,,,,,,,,,,,,,,,,,,,,,,,,,,,
1988/05,,,,,,,,,,,,,,,,,,,,,,,,,,,,,,,,,,,,,,
1988/06,,,,,,,,,,,,,,,,,,,,,,,,,,,,,,,,,,,,,,
1988/07,,,,,,,,,,,,,,,,,,,,,,,,,,,,,,,,,,,,,,
1988/08,,,,,,,,,,,,,,,,,,,,,,,,,,,,,,,,,,,,,,
1988/09,,,,,,,,,,,,,,,,,,,,,,,,,,,,,,,,,,,,,,
1988/10,,,,,,,,,,,,,,,,,,,,,,,,,,,,,,,,,,,,,,
1988/11,,,,,,,,,,,,,,,,,,,,,,,,,,,,,,,,,,,,,,
1988/12,,,,,,,,,,,,,,,,,,,,,,,,,,,,,,,,,,,,,,
1989/01,,,,,,,,,,,,,,,,,,,,,,,,,,,,,,,,,,,,,,
1989/02,,,,,,,,,,,,,,,,,,,,,,,,,,,,,,,,,,,,,,
1989/03,,,,,,,,,,,,,,,,,,,,,,,,,,,,,,,,,,,,,,
1989/04,,,,,,,,,,,,,,,,,,,,,,,,,,,,,,,,,,,,,,
1989/05,,,,,,,,,,,,,,,,,,,,,,,,,,,,,,,,,,,,,,
1989/06,,,,,,,,,,,,,,,,,,,,,,,,,,,,,,,,,,,,,,
1989/07,,,,,,,,,,,,,,,,,,,,,,,,,,,,,,,,,,,,,,
1989/08,,,,,,,,,,,,,,,,,,,,,,,,,,,,,,,,,,,,,,
1989/09,,,,,,,,,,,,,,,,,,,,,,,,,,,,,,,,,,,,,,
1989/10,,,,,,,,,,,,,,,,,,,,,,,,,,,,,,,,,,,,,,
1989/11,,,,,,,,,,,,,,,,,,,,,,,,,,,,,,,,,,,,,,
1989/12,,,,,,,,,,,,,,,,,,,,,,,,,,,,,,,,,,,,,,
1990/01,,,,,,,,,,,,,,,,,,,,,,,,,,,,,,,,,,,,,,
1990/02,,,,,,,,,,,,,,,,,,,,,,,,,,,,,,,,,,,,,,
1990/03,,,,,,,,,,,,,,,,,,,,,,,,,,,,,,,,,,,,,,
1990/04,,,,,,,,,,,,,,,,,,,,,,,,,,,,,,,,,,,,,,
1990/05,,,,,,,,,,,,,,,,,,,,,,,,,,,,,,,,,,,,,,
1990/06,,,,,,,,,,,,,,,,,,,,,,,,,,,,,,,,,,,,,,
1990/07,,,,,,,,,,,,,,,,,,,,,,,,,,,,,,,,,,,,,,
1990/08,,,,,,,,,,,,,,,,,,,,,,,,,,,,,,,,,,,,,,
1990/09,,,,,,,,,,,,,,,,,,,,,,,,,,,,,,,,,,,,,,
1990/10,,,,,,,,,,,,,,,,,,,,,,,,,,,,,,,,,,,,,,
1990/11,,,,,,,,,,,,,,,,,,,,,,,,,,,,,,,,,,,,,,
1990/12,,,,,,,,,,,,,,,,,,,,,,,,,,,,,,,,,,,,,,
1991/01,,,,,,,,,,,,,,,,,,,,,,,,,,,,,,,,,,,,,,
1991/02,,,,,,,,,,,,,,,,,,,,,,,,,,,,,,,,,,,,,,
1991/03,,,,,,,,,,,,,,,,,,,,,,,,,,,,,,,,,,,,,,
1991/04,,,,,,,,,,,,,,,,,,,,,,,,,,,,,,,,,,,,,,
1991/05,,,,,,,,,,,,,,,,,,,,,,,,,,,,,,,,,,,,,,
1991/06,,,,,,,,,,,,,,,,,,,,,,,,,,,,,,,,,,,,,,
1991/07,,,,,,,,,,,,,,,,,,,,,,,,,,,,,,,,,,,,,,
1991/08,,,,,,,,,,,,,,,,,,,,,,,,,,,,,,,,,,,,,,
1991/09,,,,,,,,,,,,,,,,,,,,,,,,,,,,,,,,,,,,,,
1991/10,,,,,,,,,,,,,,,,,,,,,,,,,,,,,,,,,,,,,,
1991/11,,,,,,,,,,,,,,,,,,,,,,,,,,,,,,,,,,,,,,
1991/12,,,,,,,,,,,,,,,,,,,,,,,,,,,,,,,,,,,,,,
1992/01,,,,,,,,,,,,,,,,,,,,,,,,,,,,,,,,,,,,,,
1992/02,,,,,,,,,,,,,,,,,,,,,,,,,,,,,,,,,,,,,,
1992/03,,,,,,,,,,,,,,,,,,,,,,,,,,,,,,,,,,,,,,
1992/04,,,,,,,,,,,,,,,,,,,,,,,,,,,,,,,,,,,,,,
1992/05,,,,,,,,,,,,,,,,,,,,,,,,,,,,,,,,,,,,,,
1992/06,,,,,,,,,,,,,,,,,,,,,,,,,,,,,,,,,,,,,,
1992/07,,,,,,,,,,,,,,,,,,,,,,,,,,,,,,,,,,,,,,
1992/08,,,,,,,,,,,,,,,,,,,,,,,,,,,,,,,,,,,,,,
1992/09,,,,,,,,,,,,,,,,,,,,,,,,,,,,,,,,,,,,,,
1992/10,,,,,,,,,,,,,,,,,,,,,,,,,,,,,,,,,,,,,,
1992/11,,,,,,,,,,,,,,,,,,,,,,,,,,,,,,,,,,,,,,
1992/12,,,,,,,,,,,,,,,,,,,,,,,,,,,,,,,,,,,,,,
1993/01,,,,,,,,,,,,,,,,,,,,,,,,,,,,,,,,,,,,,,
1993/02,,,,,,,,,,,,,,,,,,,,,,,,,,,,,,,,,,,,,,
1993/03,,,,,,,,,,,,,,,,,,,,,,,,,,,,,,,,,,,,,,
1993/04,,,,,,,,,,,,,,,,,,,,,,,,,,,,,,,,,,,,,,
1993/05,,,,,,,,,,,,,,,,,,,,,,,,,,,,,,,,,,,,,,
1993/06,,,,,,,,,,,,,,,,,,,,,,,,,,,,,,,,,,,,,,
1993/07,,,,,,,,,,,,,,,,,,,,,,,,,,,,,,,,,,,,,,
1993/08,,,,,,,,,,,,,,,,,,,,,,,,,,,,,,,,,,,,,,
1993/09,,,,,,,,,,,,,,,,,,,,,,,,,,,,,,,,,,,,,,
1993/10,,,,,,,,,,,,,,,,,,,,,,,,,,,,,,,,,,,,,,
1993/11,,,,,,,,,,,,,,,,,,,,,,,,,,,,,,,,,,,,,,
1993/12,,,,,,,,,,,,,,,,,,,,,,,,,,,,,,,,,,,,,,
1994/01,,,,,,,,,,,,,,,,,,,,,,,,,,,,,,,,,,,,,,
1994/02,,,,,,,,,,,,,,,,,,,,,,,,,,,,,,,,,,,,,,
1994/03,,,,,,,,,,,,,,,,,,,,,,,,,,,,,,,,,,,,,,
1994/04,,,,,,,,,,,,,,,,,,,,,,,,,,,,,,,,,,,,,,
1994/05,,,,,,,,,,,,,,,,,,,,,,,,,,,,,,,,,,,,,,
1994/06,,,,,,,,,,,,,,,,,,,,,,,,,,,,,,,,,,,,,,
1994/07,,,,,,,,,,,,,,,,,,,,,,,,,,,,,,,,,,,,,,
1994/08,,,,,,,,,,,,,,,,,,,,,,,,,,,,,,,,,,,,,,
1994/09,,,,,,,,,,,,,,,,,,,,,,,,,,,,,,,,,,,,,,
1994/10,,,,,,,,,,,,,,,,,,,,,,,,,,,,,,,,,,,,,,
1994/11,,,,,,,,,,,,,,,,,,,,,,,,,,,,,,,,,,,,,,
1994/12,,,,,,,,,,,,,,,,,,,,,,,,,,,,,,,,,,,,,,
1995/01,,,,,,,,,,,,,,,,,,,,,,,,,,,,,,,,,,,,,,
1995/02,,,,,,,,,,,,,,,,,,,,,,,,,,,,,,,,,,,,,,
1995/03,,,,,,,,,,,,,,,,,,,,,,,,,,,,,,,,,,,,,,
1995/04,,,,,,,,,,,,,,,,,,,,,,,,,,,,,,,,,,,,,,
1995/05,,,,,,,,,,,,,,,,,,,,,,,,,,,,,,,,,,,,,,
1995/06,,,,,,,,,,,,,,,,,,,,,,,,,,,,,,,,,,,,,,
1995/07,,,,,,,,,,,,,,,,,,,,,,,,,,,,,,,,,,,,,,
1995/08,,,,,,,,,,,,,,,,,,,,,,,,,,,,,,,,,,,,,,
1995/09,,,,,,,,,,,,,,,,,,,,,,,,,,,,,,,,,,,,,,
1995/10,,,,,,,,,,,,,,,,,,,,,,,,,,,,,,,,,,,,,,
1995/11,,,,,,,,,,,,,,,,,,,,,,,,,,,,,,,,,,,,,,
1995/12,,,,,,,,,,,,,,,,,,,,,,,,,,,,,,,,,,,,,,
1996/01,,,,,,,,,,,,,,,,,,,,,,,,,,,,,,,,,,,,,,
1996/02,,,,,,,,,,,,,,,,,,,,,,,,,,,,,,,,,,,,,,
1996/03,,,,,,,,,,,,,,,,,,,,,,,,,,,,,,,,,,,,,,
1996/04,,,,,,,,,,,,,,,,,,,,,,,,,,,,,,,,,,,,,,
1996/05,,,,,,,,,,,,,,,,,,,,,,,,,,,,,,,,,,,,,,
1996/06,,,,,,,,,,,,,,,,,,,,,,,,,,,,,,,,,,,,,,
1996/07,,,,,,,,,,,,,,,,,,,,,,,,,,,,,,,,,,,,,,
1996/08,,,,,,,,,,,,,,,,,,,,,,,,,,,,,,,,,,,,,,
1996/09,,,,,,,,,,,,,,,,,,,,,,,,,,,,,,,,,,,,,,
1996/10,,,,,,,,,,,,,,,,,,,,,,,,,,,,,,,,,,,,,,
1996/11,,,,,,,,,,,,,,,,,,,,,,,,,,,,,,,,,,,,,,
1996/12,,,,,,,,,,,,,,,,,,,,,,,,,,,,,,,,,,,,,,
1997/01,,,,,,,,,,,,,,,,,,,,,,,,,,,,,,,,,,,,,,
1997/02,,,,,,,,,,,,,,,,,,,,,,,,,,,,,,,,,,,,,,
1997/03,,,,,,,,,,,,,,,,,,,,,,,,,,,,,,,,,,,,,,
1997/04,,,,,,,,,,,,,,,,,,,,,,,,,,,,,,,,,,,,,,
1997/05,,,,,,,,,,,,,,,,,,,,,,,,,,,,,,,,,,,,,,
1997/06,,,,,,,,,,,,,,,,,,,,,,,,,,,,,,,,,,,,,,
1997/07,,,,,,,,,,,,,,,,,,,,,,,,,,,,,,,,,,,,,,
1997/08,,,,,,,,,,,,,,,,,,,,,,,,,,,,,,,,,,,,,,
1997/09,,,,,,,,,,,,,,,,,,,,,,,,,,,,,,,,,,,,,,
1997/10,,,,,,,,,,,,,,,,,,,,,,,,,,,,,,,,,,,,,,
1997/11,,,,,,,,,,,,,,,,,,,,,,,,,,,,,,,,,,,,,,
1997/12,,,,,,,,,,,,,,,,,,,,,,,,,,,,,,,,,,,,,,
1998/01,,,,,,,,,,,,,,,,,,,,,,,,,,,,,,,,,,,,,,
1998/02,,,,,,,,,,,,,,,,,,,,,,,,,,,,,,,,,,,,,,
1998/03,,,,,,,,,,,,,,,,,,,,,,,,,,,,,,,,,,,,,,
1998/04,4328,2076,,46325,49488,539133,,292964,,,,,,,,53777,182,35086,,5380,29889,18508,31372,9375,55163,9613,800652,496590,39614,48,13045,,147976,49488,5363,27204,1,21320
1998/05,4328,2319,,37166,38962,539286,,278936,,,,,,,,53582,233,32705,,5329,27609,20644,31502,8713,44010,12017,771888,480846,39475,45,6414,,151058,38962,6555,27204,1,21326
1998/06,4328,2584,,35734,24031,556310,,306084,,,,,,,,51201,171,31224,,5183,26213,19805,31659,9475,27227,11412,753964,497677,40492,175,5681,,130617,24031,6757,27204,1,21326
1998/07,4328,2465,,60578,24146,509824,,252176,,,,,,,,49381,154,31479,,4950,26684,17747,32074,2931,26798,11847,724375,492795,35553,87,5569,,110036,24146,7656,27204,1,21326
1998/08,4328,2444,,80724,32325,518376,,235307,,,,,,,,41299,159,31050,,4899,26311,10089,32728,2696,36060,12759,763742,488495,41571,51,15456,,128042,32325,9270,27204,1,21326
1998/09,4328,2495,,102904,44278,489491,,225455,,,,,,,,41966,151,31682,,5332,26502,10132,36152,3551,49831,8667,783667,486769,57343,47,6553,,128162,44278,10204,28981,1,21326
1998/10,4328,2580,,63671,40209,497661,,228106,,,,,,,,74039,195,30142,,4786,25551,43701,33567,3820,46115,9375,775368,494455,37118,113,5738,,139008,40209,8416,28981,1,21326
1998/11,4328,2365,,99312,47339,524287,,232404,,,,,,,,86857,143,10418,,4492,6070,76295,33762,19494,54119,11146,883012,498054,44083,142,17084,,219546,47339,6453,28981,1,21326
1998/12,4328,1677,,137229,50274,520022,,234734,,,,,,,,99257,162,18618,,12755,6025,80477,34128,1,54833,10629,912382,558648,43780,615,5169,,195856,50274,7729,28981,1,21326
1999/01,4328,2054,,96102,38831,473373,,186366,,,,,,,,91368,152,20459,,14612,6000,70756,34372,4197,40949,11610,797188,506424,43732,248,5307,,145099,38831,7236,28981,1,21326
1999/02,4328,2471,,54543,38634,481651,,167936,,,,,,,,81893,149,19889,,14039,6000,61854,34859,4823,40697,11994,755897,512528,46305,65,5411,,95015,38634,7628,28981,1,21326
1999/03,4328,2653,,51753,38983,494695,,193389,,,,,,,,79670,114,13029,,7153,5990,66527,38588,33542,41012,12223,797450,512866,61675,72,20243,,99991,38983,15599,26690,1,21326
1999/04,4328,2373,,24237,19882,584435,,304952,,,,,,,,73083,115,9054,,3087,6082,63914,38656,9808,21045,13301,791152,529324,42735,132,11616,,115044,19882,24400,26690,1,21326
1999/05,4328,2563,,28255,16028,549098,,217665,,,,,,,,68168,105,9511,,3058,6559,58551,38804,6367,16946,14182,744742,508431,46963,3093,31600,,77033,16028,12818,26690,1,22081
1999/06,4328,2789,,31793,12018,559856,,237638,,,,,,,,51180,99,11182,,3043,8238,39899,38945,9495,12635,11168,734211,523026,46632,3949,24708,,58026,12018,17076,26690,1,22081
1999/07,4328,2740,,34401,20033,502431,,212877,,,,,,,,46968,115,11607,,2894,8829,35245,38821,3732,20811,12060,686329,521355,48976,2419,16607,,11005,20033,17159,26690,1,22081
1999/08,4328,2796,,49130,16032,495075,,177483,,,,,,,,41991,92,10614,,2858,7848,31285,38649,2140,16373,13706,680224,514103,48534,2950,32879,,0,16032,16950,26690,1,22081
1999/09,4328,2840,,56392,16036,500202,,189237,,,,,,,,37454,84,13710,,2454,11340,23660,34657,11592,16835,7866,688207,513885,60577,3402,35251,,0,16036,7732,29237,1,22081
1999/10,4328,2922,,44196,24043,491485,,147061,,,,,,,,36978,92,13164,,2441,10815,23722,38143,4598,25151,8218,680064,522150,49484,3411,16660,,0,24043,12993,29237,1,22081
1999/11,4328,2688,,97306,54923,521005,,116080,,,,,,,,37633,86,13620,,2434,11273,23926,37607,19425,56821,9768,841508,527384,53408,224,67600,,73035,54923,13612,29237,1,22081
1999/12,4328,1897,,130904,96843,692362,,233609,,,,,,,,39672,89,17626,,2441,15274,21957,37419,1,99553,10495,1113478,654047,233859,390,59547,,0,96843,17469,29237,1,22081
2000/01,4328,2260,,95540,78982,558297,,156121,,,,,,,,32969,81,13547,,2427,11201,19341,37318,3623,80756,11173,905251,543115,53769,827,92677,,66838,78982,17719,29237,1,22081
2000/02,4328,2642,,77733,67253,649495,,207039,,,,,,,,15881,75,13509,,2413,11171,2297,37211,4207,69466,12865,941085,543200,148741,1434,97747,,12026,67253,19361,29237,1,22081
2000/03,4328,2788,,59079,77225,745963,,237656,,,,,,,,15587,72,12825,,2399,10499,2689,33239,36033,79381,8391,1062017,571201,183413,321,130311,,38008,77225,11796,27656,1,22081
2000/04,4328,2134,,21544,16025,673179,,216554,,,,,,,,11612,76,8844,,2399,6521,2692,33261,9558,16695,8948,797289,568892,54004,755,76200,,19015,16025,12656,27656,1,22081
2000/05,4328,2298,,30345,53070,632368,,197575,,,,,,,,9456,53,8417,,2359,6111,986,33360,8833,54995,9450,838507,537223,54512,1522,102285,,37019,53070,2562,27656,1,22653
2000/06,4328,2699,,24724,60112,621363,,176311,,,,,,,,7983,54,7929,,2367,5616,0,33811,9145,62213,10812,837194,553186,51803,240,63769,,50974,60112,6797,27656,1,22653
2000/07,4445,2940,,29174,65002,585340,,180311,,,,,,,,7242,50,7191,,2381,4861,0,33740,2772,65967,11214,807840,550954,50913,338,66424,,16014,65002,7882,27656,1,22653
2000/08,4445,2387,,35321,75141,631763,,191774,,,,,,,,9314,56,6002,,2364,3694,3256,33789,2513,77252,13463,885391,543433,50241,208,99322,,57863,75141,8870,27656,1,22653
2000/09,4445,2513,,30267,80152,592608,,186141,,,,,,,,7501,55,7184,,2344,4895,262,33103,11166,81477,10155,853390,557195,52255,200,88541,,22407,80152,4972,25012,1,22653
2000/10,4445,2689,,46915,115236,580663,,165826,,,,,,,,5999,49,5949,,2355,3644,0,35333,3194,116938,9573,920988,565522,40451,195,78428,,63071,115236,10416,25012,1,22653
2000/11,4445,2687,,66132,145276,614093,,176639,,,,,,,,6116,45,5928,,2330,3644,142,36775,20097,147448,11026,1054097,571691,43754,262,139734,,93882,145276,11830,25012,1,22653
2000/12,4445,2344,,75836,179943,562943,,160953,,,,,,,,8274,48,6887,,2336,4599,1339,36856,1445,183777,12095,1067962,633972,68270,218,93827,,28069,179943,15995,25012,1,22653
2001/01,4445,2705,,83634,179518,557879,,148091,,,,,,,,11808,50,7342,,2344,5048,4416,36936,4047,184316,13195,1078487,575265,50909,336,171222,,34326,179518,19243,25012,1,22653
2001/02,4445,3088,,121136,178996,533222,,152231,,,,,,,,19561,49,7597,,2329,5318,11914,35663,3957,186119,15971,1102160,572364,46790,142,195998,,38024,178996,22177,25012,1,22653
2001/03,4445,3331,,114330,176481,577319,,178726,,,,,,,,14087,50,10094,,4331,5814,3942,32523,34359,184978,9103,1150959,586744,58142,171,220725,,43863,176481,13757,28419,1,22653
2001/04,4445,2933,141958,87073,,641642,183839,92867,457802,,,,,,,5838,50,5787,,114,5724,0,32778,12423,182607,11559,1123259,600389,50671,7070,122732,240179,37104,,14038,28419,1,22653
2001/05,4463,2862,160862,128711,,603155,130581,41357,472574,,,,,,,6111,42,6069,,102,6009,0,33191,7083,181046,10657,1138146,578540,50260,8653,115504,293419,39130,,902,28419,1,23315
2001/06,4463,2772,91868,148621,,697938,234466,95413,463472,,,,,,,5300,24,5275,,74,5226,0,33684,9382,163394,11901,1169329,610778,57058,9839,123690,246679,65017,,4528,28419,1,23315
2001/07,4463,2851,38645,143034,,769399,301504,132845,467895,,,,,,,5652,3,5648,,37,5615,0,34058,2755,152245,10673,1163779,596577,50537,8986,166514,236629,48033,,4765,28419,1,23315
2001/08,4463,2805,34029,155910,,779738,305281,122950,474456,,,,,,,5952,0,5952,,19,5933,0,34534,2802,102904,10740,1133882,590558,59293,9055,167547,193549,57019,,5122,28419,1,23315
2001/09,4463,2809,35416,173078,,758166,282708,93284,475457,,,,,,,6323,0,6323,,0,6323,0,37225,4429,124208,10036,1156156,597294,124794,10428,154796,205321,4800,,8404,26999,1,23315
2001/10,4463,2786,15809,173963,,743993,259351,64852,484641,,,,,,,6866,0,6866,,0,6866,0,34953,4327,113192,6915,1107271,602384,95268,10986,143581,172050,25042,,7641,26999,1,23315
2001/11,4463,2695,19578,175057,,757966,267198,73962,490767,,,,,,,7179,0,7179,,0,7179,0,35322,19863,105046,6769,1133942,614190,139639,11149,89854,201832,19168,,7792,26999,1,23315
2001/12,4463,2165,40702,207143,,755911,269092,80296,486819,,,,,,,8161,0,8161,,0,8161,0,35754,3487,109784,7505,1175079,690042,156153,9302,59651,195727,3000,,10885,26999,1,23315
2002/01,4463,2449,39078,271562,,754358,259833,60684,494525,,,,,,,8142,0,8142,,0,8142,0,36013,4045,97349,6922,1224388,639497,149974,10265,113078,214245,36011,,10999,26999,1,23315
2002/02,4463,2789,30154,297495,,837712,333856,111315,503855,,,,,,,8521,0,8521,,0,8521,0,36471,3990,83681,8240,1313520,649304,146277,10655,162805,222770,60019,,11372,26999,1,23315
2002/03,4463,2873,35159,295184,,866537,372546,148742,493990,,,,,,,9900,0,9900,,0,9900,0,41800,35486,85318,8924,1385648,678762,276107,12843,129284,222993,0,,15191,27148,1,23315
2002/04,4463,2510,28484,269294,,871849,368349,147218,503499,,,,,,,9008,0,9008,,0,9008,0,41934,10197,81178,9173,1328094,691885,189886,14159,57184,245095,64081,,15337,27148,1,23315
2002/05,4463,2559,32032,265853,,851119,337564,113621,513554,,,,,,,9147,0,9147,,0,9147,0,42065,7606,56808,7797,1279453,667973,149749,12600,77159,250265,70155,,353,27148,1,24047
2002/06,4463,2802,32850,237496,,862062,338896,117275,523166,,,,,,,3892,0,3892,,0,3892,0,42067,9470,36515,9572,1241193,682032,150532,11862,67228,209406,65804,,3130,27148,1,24047
2002/07,4463,2723,23127,268823,,865373,333304,99490,532068,,,,,,,3942,0,3942,,0,3942,0,41986,2889,44263,7828,1265421,672651,151248,11069,126602,211740,38030,,2881,27148,1,24047
2002/08,4463,2678,21425,297254,,857320,315936,76701,541384,,,,,,,1934,0,1934,,0,1934,0,42034,3174,46514,7993,1284793,671865,152276,12515,120360,196700,77041,,2836,27148,1,24047
2002/09,4463,2773,26353,279974,,836297,303696,48095,532600,,,,,,,3464,0,3464,,1530,1934,0,40985,5326,34574,10479,1244691,671463,185325,12388,83418,191271,46188,,3267,27320,1,24047
2002/10,4463,2776,19137,270950,,856793,312241,55122,544551,,,,,,,1932,0,1932,,0,1932,0,42242,3458,36206,8470,1246432,675917,162012,11730,53540,190255,94279,,7328,27320,1,24047
2002/11,4463,2543,48497,276132,,842098,285120,23500,556977,,,,0,,,1932,0,1932,,0,1932,0,42445,18939,5155,8659,1250866,680952,199185,11698,54939,186254,59025,,7442,27320,1,24047
2002/12,4412,1965,75093,280422,,831236,270687,22176,560549,,,,1500,,,1931,0,1931,,0,1931,0,42613,3136,0,8952,1251263,754718,195625,13756,63310,145251,17014,,10219,27320,1,24047
2003/01,4412,2168,72050,269322,,836088,263818,25609,572270,,,,3823,,,1931,0,1931,,0,1931,0,42760,4406,0,8421,1245386,694413,204192,13601,59310,193334,19007,,10157,27320,1,24047
2003/02,4412,2507,96059,287267,,867962,284396,43957,583566,,,,8310,,,1931,0,1931,,0,1931,0,43025,4994,0,8802,1325273,699390,202234,15021,99178,203751,44017,,10311,27320,1,24047
2003/03,4412,2646,121880,291261,,886512,301481,85937,585030,,,,11680,,,2902,0,2902,,1271,1631,0,42086,38709,0,9584,1411674,710573,309297,11241,146134,176107,0,,6121,28151,1,24047
2003/04,4412,2513,67755,261322,,875351,279486,86056,595864,,,,12557,,,1631,0,1631,,0,1631,0,42292,6396,,8867,1283101,714217,260111,11069,45843,130175,63037,,6447,28151,1,24047
2003/05,4412,2651,60449,278391,,888591,282218,103934,606373,,,,14324,,,1631,0,1631,,0,1631,0,42473,5041,,8847,1306815,702996,289436,11575,88257,132059,29020,,377,28151,1,24939
2003/06,4412,2829,63959,235185,,868377,264241,70205,604136,,,,14867,,,1681,0,1681,,49,1631,0,42655,8812,,9824,1252605,712370,289315,10275,45555,132703,6003,,3290,28151,1,24939
2003/07,4412,2789,76041,236203,,873140,257258,60495,615881,,,0,15208,,,1681,0,1681,,49,1631,0,42831,2218,,9246,1263771,708445,292479,14647,64181,99745,28018,,3163,28151,1,24939
2003/08,4412,2753,78852,245092,,878662,253946,55514,624715,,,269,16675,,,1681,0,1681,,49,1631,0,43206,2960,,8663,1283228,707083,291163,12981,74576,114915,26024,,3392,28151,1,24939
2003/09,4412,2803,84147,254203,,918888,294933,109421,623955,,,309,18515,,,1711,0,1711,,80,1631,0,41742,3121,,9438,1339295,700632,345600,13798,40533,162844,24179,,-903,27671,1,24939
2003/10,4412,2809,68194,238136,,933788,290909,112027,642879,,,699,18631,,,1681,0,1681,,49,1631,0,43304,2559,,8303,1322521,706309,298360,16928,46716,152469,41026,,8099,27671,1,24939
2003/11,4412,2632,61665,252275,,935617,281555,107253,654061,,,1093,18802,,,1631,0,1631,,0,1631,0,43387,17517,,8521,1347558,709523,310185,19277,39469,164373,44027,,8090,27671,1,24939
2003/12,4412,2023,60602,238429,,935026,291013,99612,644013,,,514,18994,,,1411,0,1411,,0,1411,0,43331,138,,8798,1313685,769096,300307,20071,42431,119114,0,,10053,27671,1,24939
2004/01,4412,2345,102029,252392,,916525,260454,71338,656070,,,927,19039,,,1461,0,1461,,49,1411,0,43377,3520,,8268,1354300,715100,339676,4354,44104,188499,0,,9954,27671,1,24939
2004/02,4412,2681,103299,276290,,941094,275345,81076,665749,,,1434,19136,,,1461,0,1461,,49,1411,0,43514,3319,,8864,1405509,713872,330731,5853,63316,211181,18009,,9933,27671,1,24939
2004/03,4412,2846,111338,272192,,1000220,344452,134920,655767,,,1203,19486,,,1411,0,1411,,0,1411,0,41659,30825,,8223,1493819,714032,363600,7131,130804,198852,25708,,900,27848,1,24939
2004/04,4412,2586,105752,242285,,949960,287347,79773,662613,,,1265,19740,,,1411,0,1411,,0,1411,0,42645,4565,,7889,1382514,732269,321517,7084,38924,170685,58022,,1221,27848,1,24939
2004/05,4412,2638,107303,263223,,934393,262271,62045,672121,,,2615,19933,,,1461,0,1461,,49,1411,0,42988,4059,,7637,1390667,711137,321497,5873,64038,198753,36028,,466,27848,1,25022
2004/06,4412,2900,60952,254815,,944958,287928,76241,657030,,,1314,19802,,,1461,0,1461,,49,1411,0,43212,5213,,8318,1347362,715284,337339,7057,71304,136615,24014,,2874,27848,1,25022
2004/07,4412,2867,46026,264670,,921541,255600,49392,665941,,,1434,19802,,,1411,0,1411,,0,1411,0,43414,1654,,7548,1314783,716888,314101,6826,79187,142011,0,,2896,27848,1,25022
2004/08,4412,2825,54218,297852,,947022,274521,62711,672500,,,2912,19868,,,1461,0,1461,,49,1411,0,43750,864,,7063,1382251,716426,329885,6963,79749,185271,8006,,3076,27848,1,25022
2004/09,4412,2815,77702,290053,,941493,301986,62128,639507,,,1127,20288,,,1411,0,1411,,0,1411,0,45789,1525,,7942,1394564,714726,350726,4158,44817,222726,0,,3160,29224,1,25022
2004/10,4412,2729,54622,295964,,951269,301558,64911,649710,,,1198,20170,,,1453,0,1453,,49,1403,0,44130,1098,,6965,1384015,718016,318820,5428,38572,243558,0,,6747,27848,1,25022
2004/11,4412,2556,53780,364722,,977531,323754,66049,653776,,,1744,19952,,,1384,0,1384,,0,1384,0,44291,1673,,6753,1478802,725932,342170,6623,40221,282295,22020,,6667,27848,1,25022
2004/12,4412,2168,54118,360734,,950259,296635,50760,653624,,,1155,19861,,,1111,0,1111,,0,1111,0,44330,160,,7153,1445467,779564,331784,5727,45462,221565,0,,8491,27848,1,25022
2005/01,4412,2320,57030,381565,,953528,294631,42822,658897,,,1281,19861,,,49,0,49,,49,0,0,44440,1393,,7676,1473561,732144,316211,4912,43923,315028,0,,8469,27848,1,25022
2005/02,4412,2507,58087,377645,,994692,328851,73821,665841,,,2410,19861,,,0,0,0,,0,0,0,44616,1520,,8330,1514085,730816,331024,4281,53746,332775,0,,8568,27848,1,25022
2005/03,4412,2671,52284,376099,,991239,336588,76290,654650,,,830,20225,,,40,0,40,,40,0,0,45230,4151,,7989,1505173,746719,357562,3723,75871,244520,17932,,4655,29165,1,25022
2005/04,4412,2502,46198,377974,,967519,309011,61103,658507,,,611,20105,,,0,0,0,,0,0,0,45017,2022,,7149,1473513,760065,317807,4900,52466,280323,0,,3760,29165,1,25022
2005/05,4412,2633,45276,379827,,968166,306441,48329,661725,,,1722,20098,,,49,0,49,,49,0,0,45208,2955,,7268,1477619,734516,315506,4766,57726,311100,0,,-436,29165,1,25272
2005/06,4412,2949,38926,345711,,971004,322344,39096,648659,,,480,19923,,,49,0,49,,49,0,0,45388,5486,,7788,1442122,740167,335895,5210,45480,259356,0,,1574,29165,1,25272
2005/07,4412,2875,41041,374721,,979735,329144,48793,650591,,,378,19923,,,49,0,49,,49,0,0,45756,681,,6927,1476503,740976,298062,3827,77958,299450,0,,1789,29165,1,25272
2005/08,4412,2730,49289,384078,,998255,340674,64111,657581,,,1328,19744,,,49,0,49,,49,0,0,46081,709,,7167,1513847,735764,331925,5097,63097,321532,0,,1991,29165,1,25272
2005/09,4412,2700,47071,370228,,979470,354946,55951,624523,,,616,19858,,,0,0,0,,0,0,0,48046,858,,8094,1481357,734711,341066,5656,58010,277327,5900,,3323,30088,1,25272
2005/10,4412,2654,46999,379106,,970122,338313,43059,631808,,,402,19712,,,0,0,0,,0,0,0,46590,650,,6894,1477546,737916,334918,4945,36836,279015,24004,,5471,29165,1,25272
2005/11,4412,2375,51464,405431,,980948,347381,48989,633566,,,1184,19582,,,0,0,0,,0,0,0,46947,547,,6807,1519701,739132,343499,4584,40189,311316,22008,,4532,29165,1,25272
2005/12,4412,1927,44892,440899,,989175,357837,51306,631337,,,1208,19453,,,0,0,0,,0,0,0,47278,107,,6716,1556071,792705,328677,6316,45754,283710,38024,,6443,29165,1,25272
2006/01,4412,1992,45528,442369,,959358,321396,57320,637961,,,1104,19450,,,0,0,0,,0,0,0,47564,301,,6573,1528656,747488,329323,2351,60823,316607,11008,,6615,29165,1,25272
2006/02,4412,2199,58876,441590,,940509,294887,53300,645621,,,1440,19450,,,0,0,0,,0,0,0,47909,410,,6678,1523477,746616,326136,2654,53556,333217,0,,6858,29165,1,25272
2006/03,4412,2197,51897,378144,,932731,327987,63324,604743,,,1064,19969,,,300,0,300,,300,0,0,49975,924,,7012,1448629,749781,312015,2126,65693,243577,14005,,4949,31208,1,25272
2006/04,4412,1944,15721,280225,,920927,314700,51732,606226,,,504,19964,,,0,0,0,,0,0,0,48416,806,,6876,1299799,760911,188715,2512,41071,240828,6001,,3276,31208,1,25272
2006/05,4412,2055,24121,279140,,840124,232692,38458,607432,,,141,19945,,,2552,0,2552,,2552,0,0,48501,553,,6387,1227935,739543,146137,1084,52068,234114,0,,-1660,31208,1,25438
2006/06,4412,2145,37932,133874,,849027,290368,43092,558658,,,39,19167,,,31067,0,31067,24007,7060,0,0,48635,5480,,6547,1138328,745626,158752,1143,37761,138394,0,,1,31208,1,25438
2006/07,4412,2096,59787,0,,845678,286224,38642,559454,,,14,18079,,,174110,0,174110,174100,10,0,0,48909,361,,6224,1159675,746246,104985,918,37828,212915,0,,131,31208,1,25438
2006/08,4412,2020,47877,,,806206,246057,38581,560148,,,3,17953,,,198137,0,198137,198137,0,0,0,49194,337,,6528,1132672,744769,91030,229,37317,202434,0,,241,31208,1,25438
2006/09,4412,2051,71969,,,807989,271493,38086,536496,,,0,18931,,,209530,0,209530,202151,7379,0,0,52341,213,,7084,1174523,741388,117944,327,39937,212721,0,,4962,31801,1,25438
2006/10,4412,2026,31856,,,815084,275173,37813,539911,,,,17752,,,224417,0,224417,224417,0,0,0,49817,315,,6311,1151993,744469,86376,225,38391,222115,0,,3767,31208,1,25438
2006/11,4412,1836,55036,,,807485,266358,39772,541127,,,,17427,,,242215,0,242215,242215,0,0,0,50040,616,,6343,1185414,745566,94252,223,39334,242547,3960,,2882,31208,1,25438
2006/12,4412,1490,53212,,,805964,290829,46928,515134,,,,16320,,,217137,0,217137,217137,0,0,0,50253,182,,6463,1155436,798367,104125,227,41390,150498,0,,4180,31208,1,25438
2007/01,4412,1575,80983,,,775778,257971,48357,517806,,,,16320,,,210052,0,210052,210052,0,0,0,50547,391,,6163,1146223,752440,77633,224,50267,204526,0,,4483,31208,1,25438
2007/02,4412,1819,90960,,,770242,251043,47302,519198,,,,15889,,,235074,0,235074,234084,990,0,0,50941,521,,7087,1176947,756627,100692,224,42769,215278,0,,4707,31208,1,25438
2007/03,4412,1998,45062,,,764457,272065,55155,492392,,,,17833,,,231877,0,231877,204058,27819,0,0,54194,410,,7163,1127409,758941,116758,336,55310,128796,0,,9582,32243,1,25438
2007/04,4412,1829,34908,,,753523,254452,44395,499071,,,,17827,,,188133,0,188133,188133,0,0,0,51634,562,,7221,1060053,771287,84797,228,37863,101738,0,,6455,32243,1,25438
2007/05,4412,1982,28008,,,744336,234317,35171,510019,,,,17112,,,219335,0,219335,219334,1,0,0,51815,480,,7622,1075105,749858,82058,273,50204,137003,0,,-2368,32243,1,25829
2007/06,4412,2112,18908,,,711477,214939,36334,496538,,,,16194,,,185385,0,185385,185385,0,0,0,52155,4004,,6061,1000712,758370,96918,220,41915,45890,0,,-678,32243,1,25829
2007/07,4412,2054,10909,,,724189,215634,42336,508555,,,,15819,,,261089,0,261089,261089,0,0,0,52597,226,,5873,1077171,755407,88243,250,30929,144540,0,,-274,32243,1,25829
2007/08,4412,2000,23937,,,739682,223531,52814,516150,,,,14068,,,264159,0,264159,264159,0,0,0,52957,429,,6270,1107917,752063,82868,213,35215,179501,0,,-19,32243,1,25829
2007/09,4412,2023,33158,,,727673,236734,71545,490938,,,,16163,,,264506,0,264506,264506,0,0,0,55762,368,,6255,1110324,756298,118591,337,37810,126375,5900,,6925,32253,1,25829
2007/10,4412,1989,19093,,,733527,232101,72351,501425,,,,15644,,,239242,0,239242,239242,0,0,0,53265,359,,5937,1073472,755892,87647,231,30816,135142,0,,5668,32243,1,25829
2007/11,4412,1773,22070,,,737766,228032,69278,509733,,,,15387,,,273284,0,273284,273284,0,0,0,53389,761,,6093,1114939,758486,87284,218,32859,172520,0,,5495,32243,1,25829
2007/12,4412,1367,35133,,,704612,223081,64445,481531,,,,15194,,,292404,0,292404,292194,210,0,0,53508,280,,5931,1112844,812777,101233,267,28728,104754,0,,7007,32243,1,25829
2008/01,4412,1498,56396,,,704339,215401,59998,488937,,,,14928,,,289112,0,289112,289112,0,0,0,53649,411,,5854,1130604,762561,78841,296,32814,190663,0,,7353,32243,1,25829
2008/02,4412,1791,38239,,,687705,193322,53628,494382,,,,14697,,,335271,0,335271,335271,0,0,0,53731,503,,6125,1142477,763579,87351,293,33685,191840,0,,7652,32243,1,25829
2008/03,4412,1913,87676,,,673907,205105,46389,468802,,,,14260,,,292153,0,292153,291203,950,0,0,52276,829,,6832,1134262,764615,142469,294,35058,120598,6001,,7129,32265,1,25829
2008/04,4412,1853,65907,,,670899,194618,40384,476280,,,,13878,,,255199,0,255199,255199,0,0,0,53911,1,,6162,1072225,773312,78587,278,29550,123426,0,,8973,32265,1,25829
2008/05,4412,2016,44035,,,691102,207959,47966,483142,,,,13569,,,285019,0,285019,285019,0,0,0,53969,561,,6588,1101273,755697,76374,229,52247,156194,0,,2112,32265,1,26149
2008/06,4412,2108,52848,,,660642,221589,47013,439052,,,,13398,,,216300,0,216300,216300,0,0,0,54138,4302,,6047,1014199,762909,101698,234,22645,64480,0,,3815,32265,1,26149
2008/07,4412,2187,36195,,,670430,224664,57156,445765,,,,13235,,,296130,0,296130,296130,0,0,0,54538,555,,5967,1083652,760337,83154,277,31425,145712,0,,4329,32265,1,26149
2008/08,4412,2198,34300,,,668674,216525,65010,452149,,,,13026,,,314216,0,314216,314215,1,0,0,54850,728,,6463,1098870,759270,83032,226,34481,158694,0,,4747,32265,1,26149
2008/09,4412,2219,87139,,,655638,233027,68136,422611,,,,12916,,,271014,0,271014,257206,13808,0,0,85466,150,,6330,1125287,754929,132532,31503,25914,114191,1350,,5936,32779,1,26149
2008/10,4412,2188,115086,,,664146,235714,72715,428432,,,,12738,,,236594,0,236594,226984,9610,0,0,126708,176,,5977,1168028,766116,97151,71693,25222,129274,12082,,8071,32265,1,26149
2008/11,4412,2082,108402,,,673658,235516,74467,438141,,,,12738,,,256437,0,256437,256012,425,0,0,150858,601,,6073,1215262,765945,98317,96058,18894,162126,7900,,7603,32265,1,26149
2008/12,4412,1801,140976,,,631255,217850,65475,413404,,,,12697,,,257709,0,257709,255153,2556,0,0,172870,1,,5983,1227708,814783,151923,118224,35093,40542,0,,8724,32265,1,26149
2009/01,4412,1963,128171,,,646728,221583,74035,425144,,,,12697,,,263417,0,263417,263407,10,0,0,131673,159,,5911,1195135,768494,112996,77092,26564,142822,0,,8749,32265,1,26149
2009/02,4412,2247,108282,,,651302,215234,,436067,12536,,,12697,,,304444,0,304444,304444,0,0,0,119401,356,,6049,1221730,769222,135625,65108,28535,156401,0,,8420,32265,1,26149
2009/03,4412,2466,119520,,,642655,216043,,426612,15569,434,,11539,,,327315,0,327315,326723,592,0,0,108647,261,,6062,1238886,768977,221489,57739,23745,103713,0,,4782,32287,1,26149
2009/04,4412,2428,105027,,,649173,205692,,443480,9340,993,,11440,,,265964,0,265964,265919,45,0,0,93277,1,,5922,1147983,783341,137651,38852,30703,90443,0,,8553,32287,1,26149
2009/05,4412,2511,101953,,,664074,203508,,460565,4506,1422,,11470,,,312468,0,312468,312423,45,0,0,79046,214,,5894,1187973,764061,133906,24650,31354,171636,0,,3475,32287,1,26600
2009/06,4412,2667,91242,,,660531,208710,,451820,1973,1744,,11548,,,243008,0,243008,242784,24,0,0,72068,3415,,5816,1098429,767394,157464,17645,24651,67572,0,,4813,32287,1,26600
2009/07,4412,2714,77631,,,680661,212665,,467996,1728,2219,,11672,,,297531,0,297531,297283,48,0,0,62573,466,,5738,1147349,763910,122652,8049,26852,162095,0,,4900,32287,1,26600
2009/08,4412,2699,69331,,,687903,203338,,484565,1014,2487,,11672,,,329509,0,329509,329261,48,0,0,56797,135,,5879,1171842,761677,119027,2245,28673,196555,0,,4774,32287,1,26600
2009/09,4412,2603,98251,,,684090,221561,,462528,974,2531,,12632,,,301896,0,301896,301663,33,0,0,50061,1,,5792,1163248,759173,175530,1630,21141,146522,0,,351,32297,1,26600
2009/10,4412,2624,65813,,,709965,229749,,480216,479,2460,,12974,,,253850,0,253850,253602,48,0,0,55444,233,,5741,1114000,762486,122768,1370,20425,140988,0,,7073,32287,1,26600
2009/11,4412,2605,65808,,,727822,231614,,496208,169,2410,,13154,,,295837,0,295837,295589,48,0,0,54784,195,,5763,1172964,762690,130068,631,24198,189780,0,,6706,32287,1,26600
2009/12,4412,2472,97602,,,719900,237510,,482390,0,2047,,13353,,,325041,0,325041,324793,48,0,0,54779,1,,5725,1225336,809542,203370,758,25841,119059,0,,7876,32287,1,26600
2010/01,4412,2698,63368,,,731914,232555,,499359,NA,1968,,13419,,,346285,0,346285,346037,48,0,0,54460,80,,5733,1224342,769041,152860,361,26515,208828,0,,7845,32287,1,26600
2010/02,4412,3035,63482,,,725539,209848,,515691,NA,1926,,13784,,,395206,0,395206,394973,33,0,0,54133,301,,5852,1267675,770889,157802,252,23854,248484,0,,7502,32287,1,26600
2010/03,4412,3301,49833,,,730661,228532,,502129,NA,1722,,14255,,,357839,0,357839,357591,48,0,0,50227,193,,5795,1218241,773527,234553,432,30186,116515,0,,4114,32311,1,26600
2010/04,4412,3161,29791,,,744174,225483,,518690,NA,1488,,15146,,,284092,0,284092,283847,45,0,0,54058,1,,5686,1142013,789890,162351,484,12647,109466,0,,8259,32311,1,26600
2010/05,4412,3244,40192,,,756909,221579,,535329,NA,1361,,15146,,,328350,0,328350,328150,0,0,0,54161,103,,5704,1209586,768325,181224,423,10959,185812,0,,3745,32311,1,26783
2010/06,4412,3523,38262,,,748406,208175,,540231,NA,892,,15142,,,258743,0,258743,258500,43,0,0,54130,3207,,5615,1132336,772712,198863,367,10472,85721,0,,5102,32311,1,26783
2010/07,4412,3576,0,,,765772,209302,,556469,NA,532,,15140,,,324584,0,324584,324338,46,0,0,54084,98,,5540,1173742,772944,171114,1125,35841,128630,0,,4990,32311,1,26783
2010/08,4412,3592,0,,,771107,199189,,571917,NA,428,,15065,,,376495,0,376495,376248,47,0,0,53570,111,,5632,1230414,769637,174927,145,20340,201737,0,,4530,32311,1,26783
2010/09,4412,3626,0,,,766687,211372,,555315,NA,153,,15137,,,361284,0,361284,361042,42,0,0,46145,1,,5869,1203317,768546,201713,142,11889,163173,0,,-1259,32327,1,26783
2010/10,4412,3611,0,,,776737,205769,,570968,NA,82,,15065,,,355255,0,355255,355026,29,0,0,53268,136,,5602,1214171,775013,178400,192,14012,180671,0,,6783,32311,1,26783
2010/11,4412,3572,0,,,771306,187096,,584209,NA,20,,15065,,,417270,0,417270,417035,35,0,0,53056,110,,5643,1270457,776635,201511,205,10542,216057,0,,6409,32311,1,26783
2010/12,4412,3422,0,,,767382,198252,,569130,988,1021,,15052,142,22,436571,0,436571,436335,36,0,0,52495,1,,5591,1287104,823143,226513,153,19210,151652,0,,7336,32311,1,26783
2011/01,4412,3540,0,,,768844,184407,,584437,1165,1021,,15052,430,22,427583,0,427583,427348,35,0,0,52226,172,,5524,1279996,785428,181901,404,11661,234537,0,,6966,32311,1,26783
2011/02,4412,3814,0,,,768849,168764,,600085,1602,2045,,15052,827,46,446820,0,446820,446586,34,0,0,51823,334,,5552,1301181,788218,184857,260,12161,250118,0,,6468,32311,1,26783
2011/03,4412,3963,6285,,,772992,181762,,591229,2742,2035,,14953,1851,178,561360,0,561360,560960,200,0,0,46902,174,,5778,1423631,809230,407556,344,23553,122986,0,,810,32364,1,26783
2011/04,4412,3853,0,,,786076,176778,,609298,6794,3414,,14775,2595,196,466882,0,466882,466649,33,0,0,51386,175,,5649,1346213,811619,347303,229,9034,112931,0,,5944,32364,1,26783
2011/05,4412,3871,0,,,799147,172446,,626700,11871,4939,,14775,2963,196,452195,0,452195,451956,39,0,0,51067,84,,5676,1351200,788405,291936,251,23657,182943,0,,4778,32364,1,26861
2011/06,4412,4056,0,,,802216,193427,,608788,16288,6460,,14775,3185,196,384251,0,384251,384012,39,0,0,50690,3679,,5630,1295844,792915,332392,213,14256,90855,0,,5983,32364,1,26861
2011/07,4412,4033,0,,,810699,188479,,622220,15802,7981,,14775,3405,226,426996,0,426996,426756,40,0,0,50498,291,,5612,1344737,793626,279833,189,38256,167870,0,,5732,32364,1,26861
2011/08,4412,3994,0,,,868317,230950,,637367,16140,9506,,14775,5114,391,436338,0,436338,436137,1,0,0,50123,55,,5659,1414829,791873,285546,176,17048,255697,0,,5259,32364,1,26861
2011/09,4412,3784,0,,,843671,224007,,619663,14646,10993,,14012,6392,532,429394,0,429394,429194,0,0,0,43549,1,,5500,1376890,788829,346404,391,13248,169419,0,,-1085,32820,1,26861
2011/10,4412,3686,0,,,812042,171707,,640335,13443,12549,,14771,7441,581,405800,0,405800,405567,33,0,0,49568,142,,5415,1329858,792955,297722,394,14122,158200,0,,7234,32364,1,26861
2011/11,4412,3496,0,,,915271,256934,,658336,17439,14012,,14695,7795,622,398948,0,398948,398708,40,0,0,49852,71,,5437,1432056,794607,320769,240,20326,230047,0,,6837,32364,1,26861
2011/12,4412,3179,0,,,901964,240563,,661400,19830,15298,,14694,8290,644,395581,0,395581,395335,46,0,0,61015,1,,5305,1430219,839968,365323,13778,20978,122922,0,,8021,32364,1,26861
2012/01,4412,3248,0,,,825358,146099,,679259,16964,16810,,14694,8478,660,408062,0,408062,407827,35,0,0,64971,64,,5338,1369064,801881,298598,21042,14619,165886,0,,7807,32364,1,26861
2012/02,4412,3419,0,,,845541,144923,,700617,16250,18239,,14694,8478,686,461356,0,461356,461156,0,0,0,63764,139,,5460,1442443,804950,280033,16871,16116,257766,0,,7477,32364,1,26861
2012/03,4412,3581,0,,,872471,165605,,706866,15948,19906,,14282,8478,736,389954,0,389954,389684,70,0,0,58723,324,,5748,1394569,808428,344323,14640,18324,143971,0,,5649,32370,1,26861
2012/04,4412,3493,0,,,903899,172290,,731609,15767,20437,,14099,9428,761,383619,0,383619,383384,35,0,0,50574,2,,5568,1412065,821595,363893,4988,9610,145331,0,,7412,32370,1,26861
2012/05,4412,3493,0,,,930930,168051,,762878,17066,21548,,14099,11092,854,369072,0,369072,368838,34,0,0,49738,58,,5640,1428007,802534,309458,5606,18629,231172,0,,1108,32370,1,27126
2012/06,4412,3559,0,,,942736,167326,,775409,18502,22345,,14099,12768,914,360182,0,360182,360182,0,0,0,49379,2733,,4631,1436265,812213,431317,7401,13395,109811,0,,2629,32370,1,27126
2012/07,4412,3515,0,,,977401,178003,,799398,16971,23932,,14099,12972,930,346875,0,346875,346830,45,0,0,49180,152,,4508,1454954,811103,368491,1023,13219,199264,0,,2354,32370,1,27126
2012/08,4412,3431,0,,,1026174,196775,,829399,15242,25772,,14099,13424,930,342583,0,342583,342538,45,0,0,48936,104,,4559,1499672,810681,369840,1601,14682,241161,0,,2205,32370,1,27126
2012/09,4412,3367,0,,,1028593,212079,,816514,13810,26604,,12561,13928,980,344435,0,344435,344390,45,0,0,45817,101,,4593,1499208,809287,439683,2953,14977,174430,0,,-2092,32842,1,27126
2012/10,4412,3417,0,,,1075530,214859,,860670,15417,28754,,14099,14497,1086,327226,0,327226,327181,45,0,0,48348,58,,4468,1537316,812641,427603,4944,15503,213010,0,,4116,32370,1,27126
2012/11,4412,3334,0,,,1116047,226759,,889288,19326,30033,,14099,14687,1107,307526,0,307526,307507,19,0,0,48389,93,,4520,1563579,817300,396612,2863,17694,265564,0,,4046,32370,1,27126
2012/12,4412,3065,0,,,1136768,244981,,891786,20525,29151,,14098,14687,1107,306849,0,306849,306849,0,0,0,48482,15,,4461,1583627,866533,472437,3967,22671,152675,0,,5843,32370,1,27126
2013/01,4412,3137,0,,,1186310,273077,,913233,20218,29734,,14098,14914,1125,270493,0,270493,270493,0,0,0,48925,65,,4466,1597903,826399,437365,4293,22926,241174,0,,6246,32370,1,27126
2013/02,4412,3255,0,,,1219471,290134,,929337,20351,30080,,14098,15032,1160,273402,0,273402,273392,10,0,0,49401,104,,4554,1635325,829031,438589,5386,18469,277684,0,,6666,32370,1,27126
2013/03,4412,3235,0,,,1253556,340063,,913492,12457,28872,,13780,15440,1189,254870,0,254870,254860,10,0,0,55264,228,,4819,1648127,833782,581289,1911,14941,145054,0,,8627,35392,1,27126
2013/04,4412,3084,0,,,1340815,359510,,981305,14223,29243,,13605,16714,1316,268667,0,268667,268666,1,0,0,50249,2,,4579,1746913,845445,661821,3977,16645,152721,0,,3782,35392,1,27126
2013/05,4412,3063,0,,,1429091,364400,,1064691,18612,29226,,13605,17218,1367,270356,0,270356,270356,0,0,0,50918,164,,4824,1842861,829357,716776,3960,23032,211389,0,,-4462,35392,1,27414
2013/06,4412,3167,0,,,1480413,376677,,1103735,20468,28646,,13605,18813,1379,241361,0,241361,241358,3,0,0,50894,2852,,4670,1870684,838806,846996,3299,12567,108716,0,,-2510,35392,1,27414
2013/07,4412,3042,0,,,1559645,387100,,1172544,20477,29488,,13605,19679,1380,259820,0,259820,259820,0,0,0,51348,62,,4619,1967581,835903,851662,3324,13421,202643,0,,-2183,35392,1,27414
2013/08,4412,3086,0,,,1633855,401138,,1232717,21101,30776,,13605,21259,1381,271238,0,271238,271238,0,0,0,51352,90,,4758,2056918,838246,886047,335,22515,248918,0,,-1952,35392,1,27414
2013/09,4412,3068,0,,,1676917,415611,,1261305,16349,30671,,13734,22141,1399,256425,0,256425,256425,0,0,0,58284,114,,5105,2088625,835762,974125,2605,11241,195712,0,,4855,36907,1,27414
2013/10,4412,3071,0,,,1755632,427360,,1328271,18920,31587,,13605,23573,1389,246079,0,246079,246079,0,0,0,51895,64,,4909,2155142,841708,1010679,1723,11484,224865,0,,1874,35392,1,27414
2013/11,4412,2853,0,,,1838995,437558,,1401436,22545,32366,,13605,24188,1394,243179,0,243179,243179,0,0,0,52133,148,,5065,2240888,846465,1023861,1844,15097,289371,0,,1439,35392,1,27414
2013/12,4412,2437,0,,,1813958,397950,,1416007,21941,32042,,13603,24973,1401,269191,0,269191,269174,17,0,0,53110,42,,4783,2241897,901431,1070775,1846,16695,183416,0,,4923,35392,1,27414
2014/01,4412,2563,0,,,1898262,428654,,1469608,22904,31761,,13603,26478,1420,261904,0,261904,261873,31,0,0,53340,131,,4996,2321780,857813,1104871,4024,10290,276980,0,,4992,35392,1,27414
2014/02,4412,2851,0,,,1994216,470010,,1524205,22066,32141,,13603,27451,1434,247520,0,247520,247489,31,0,0,53441,118,,5245,2404502,861335,1140304,1179,11447,322417,0,,5009,35392,1,27414
2014/03,4412,2898,0,,,1983370,441833,,1541536,18749,32041,,13728,28511,1488,263138,0,263138,263107,31,0,0,61582,253,,5623,2415798,866308,1286678,36798,16778,133755,0,,9579,38483,1,27414
2014/04,4412,2773,0,,,2044005,452379,,1591625,21489,32645,,13515,29198,1489,252478,0,252478,252440,38,0,0,54187,131,,5435,2461764,871375,1337981,4882,11125,168573,0,,1927,38483,1,27414
2014/05,4412,2760,0,,,2132378,483084,,1649294,22798,32766,,13515,29861,1495,239692,0,239692,239649,43,0,0,54405,133,,5512,2539730,857669,1362536,2072,18015,239429,0,,-7340,38483,1,28862
2014/06,4412,2899,0,,,2119505,452819,,1666685,20710,31693,,13514,29882,1506,290434,0,290434,290388,46,0,0,54603,3095,,5353,2577613,865235,1523146,2170,9609,114034,0,,-3930,38483,1,28862
2014/07,4412,2827,0,,,2246125,520943,,1725182,21980,31935,,13514,30969,1528,276111,0,276111,276065,46,0,0,54879,95,,5294,2689676,865280,1520591,6073,10996,223199,0,,-3813,38483,1,28862
2014/08,4412,2718,0,,,2317874,531727,,1786146,22626,32434,,13514,31895,1544,271073,0,271073,271027,46,0,0,55257,208,,5394,2758955,868339,1520552,8136,14179,283502,0,,-3102,38483,1,28862
2014/09,4412,2655,0,,,2293115,494780,,1798334,21530,31712,,13700,32210,1604,299193,0,299193,299193,0,0,0,65229,98,,5530,2770994,864618,1615173,47701,12929,154938,0,,6754,40014,1,28862
2014/10,4412,2628,0,,,2405848,531438,,1874409,23160,31975,,13514,33969,1654,289201,0,289201,289201,0,0,0,56413,131,,5469,2868380,872356,1677009,12502,13445,223695,0,,2024,38483,1,28862
2014/11,4412,2435,0,,,2514691,548410,,1966281,25562,32671,,13511,35016,1702,280709,0,280709,280709,0,0,0,57194,225,,5614,2973747,877822,1702818,17257,16082,290228,0,,2190,38483,1,28862
2014/12,4412,2111,0,,,2504394,486718,,2017676,22153,32229,,13511,38458,1777,317083,0,317083,317037,46,0,0,60328,12,,5643,3002117,930817,1781359,11539,101270,102787,0,,6994,38483,1,28862
2015/01,4412,2193,0,,,2616921,511389,,2105532,21894,32682,,13511,40321,1836,313492,0,313492,313446,46,0,0,58630,135,,5699,3111731,890304,1849282,6591,9403,281925,0,,6875,38483,1,28862
2015/02,4412,2308,0,,,2715040,529805,,2185235,22799,32905,,13510,43229,1945,303143,0,303143,303097,46,0,0,59060,184,,5878,3204418,893759,1848582,15909,11352,360299,0,,7167,38483,1,28862
2015/03,4412,2442,0,,,2697921,496584,,2201337,19789,32430,,13757,44837,2063,340975,0,340975,340975,0,0,0,71125,231,,5948,3235937,896732,2015564,45153,17941,176082,0,,13318,42279,1,28862
2015/04,4412,2411,0,,,2796683,500458,,2296224,22071,31756,,13510,47655,2146,341099,0,341099,341099,0,0,0,60427,101,,5907,3328186,910292,2102158,13195,20211,207996,0,,3190,42279,1,28862
2015/05,4412,2389,0,,,2887611,517922,,2369689,23112,32122,,13510,50625,2182,348167,0,348167,348167,0,0,0,60844,340,,6082,3431402,897315,2130212,12803,20368,306642,0,,-9606,42279,1,31385
2015/06,4412,2492,0,,,2912485,501012,,2411473,19541,31233,,13510,53894,2246,342639,0,342639,342639,0,0,0,62845,3185,,5907,3454395,905831,2298404,51051,12756,116742,0,,-4056,42279,1,31385
2015/07,4412,2446,0,,,2993980,501157,,2492823,21888,31642,,13510,56650,2370,347384,0,347384,347384,0,0,0,62616,130,,5906,3542941,910437,2300667,49155,13255,199680,0,,-3921,42279,1,31385
2015/08,4412,2313,0,,,3061736,485844,,2575892,22995,32666,,13510,60144,2486,345144,0,345144,345144,0,0,0,63022,110,,6046,3614591,913872,2314264,42528,19384,253769,0,,-2893,42279,1,31385
2015/09,4412,2155,0,,,3095718,467398,,2628320,19980,31777,,13722,62388,2556,350457,0,350457,350457,0,0,0,71537,150,,6420,3661278,915617,2422294,67608,62469,112655,0,,6841,42405,1,31385
2015/10,4412,2043,0,,,3170606,460657,,2709948,21990,31955,,13510,63728,2563,353873,0,353873,353873,0,0,0,64252,106,,6493,3735537,926001,2471719,51783,96253,112511,0,,3602,42279,1,31385
2015/11,4412,1912,0,,,3246410,459625,,2786785,22360,32446,,13490,65202,2647,352366,0,352366,352366,0,0,0,64598,173,,6521,3812542,931591,2458488,55388,194904,94792,0,,3712,42279,1,31385
2015/12,4412,1731,0,,,3250019,429766,,2820253,21954,31984,,13490,68985,2695,364638,0,364638,364638,0,0,0,64980,13,,6169,3831076,984299,2530135,63970,170436,0,0,,8567,42279,1,31385
2016/01,4412,1881,0,,,3380763,463379,,2917384,22088,32380,,13490,71830,2793,363638,0,363638,363638,0,0,0,64849,130,,6239,3964498,947903,2592936,11644,288495,41598,0,,8254,42279,1,31385
2016/02,4412,2010,0,,,3453627,466133,,2987494,23533,32138,,13490,74826,2877,359593,0,359593,359593,0,0,0,64825,165,,6408,4037909,951471,2589892,60182,354688,0,0,,8009,42279,1,31385
2016/03,4412,2099,0,,,3491955,472969,,3018986,19699,31703,,13692,75676,2936,340453,0,340453,340453,0,0,0,66971,326,,6553,4056481,955947,2754394,75001,187797,1899,0,,5336,44717,1,31385
2016/04,4412,1968,0,,,3590664,472436,,3118227,20683,31708,,13328,77843,2959,328897,0,328897,328897,0,0,0,64943,139,,6614,4144163,971041,2844050,76082,173467,283,0,,3134,44717,1,31385
2016/05,4412,1969,0,,,3705146,510450,,3194696,23006,32385,,13120,80453,3113,321073,0,321073,321073,0,0,0,65230,86,,6698,4256697,952669,2867837,76392,284534,376,0,,-1423,44717,1,31590
2016/06,4412,2011,0,,,3763822,528149,,3235673,20297,31557,,12957,84674,3197,328700,0,328700,328700,0,0,0,66174,3304,,6476,4327586,959875,3032783,95329,159754,61,0,,3472,44717,1,31590
2016/07,4412,1907,0,,,3866538,545899,,3320639,23126,31781,,12840,87235,3246,328019,0,328019,328019,0,0,0,65087,192,,6459,4430848,964837,3027875,79214,278547,494,0,,3568,44717,1,31590
2016/08,4412,1809,0,,,3967109,571610,,3395499,22653,32055,,12712,90911,3307,323455,0,323455,323455,0,0,0,64729,113,,6533,4529802,963509,3034934,80878,367662,1987,0,,4521,44717,1,31590
2016/09,4412,1809,0,,,3975971,567236,,3408734,20368,31751,,12792,97693,3397,352429,0,352429,352429,0,0,0,60800,100,,6531,4568058,963194,3118345,107438,297461,4446,0,,-1562,47143,1,31590
2016/10,4412,1731,0,,,4034627,550509,,3484117,21481,32024,,12479,102067,3403,350100,0,350100,350100,0,0,0,64926,113,,6553,4633922,969819,3159522,88145,328780,428,0,,10915,44717,1,31590
2016/11,4412,1660,0,,,4103904,529195,,3574709,23342,32775,,12362,106769,3527,349952,0,349952,349952,0,0,0,65822,124,,6654,4711310,974298,3176990,94906,377063,69,0,,11672,44717,1,31590
2016/12,4412,1506,0,,,4105010,498411,,3606599,23131,31636,,12238,111444,3567,397687,0,397687,397687,0,0,0,67799,20,,6525,4764980,1024612,3302279,119088,218826,6148,0,,17714,44717,1,31590
2017/01,4412,1693,0,,,4154241,471301,,3682939,23429,32299,,12127,118448,3619,396627,0,396627,396627,0,0,0,66159,139,,6619,4819817,989458,3318197,106516,311620,552,0,,17161,44717,1,31590
2017/02,4412,1894,0,,,4208690,444463,,3764226,23536,32199,,12010,122959,3666,396482,0,396482,396482,0,0,0,66281,137,,6739,4879011,993224,3296231,112620,381200,2301,0,,17123,44717,1,31590
2017/03,4412,2031,0,,,4177114,405673,,3771441,20357,32144,,11884,129353,3822,446645,0,446645,446645,0,0,0,66081,205,,6839,4900893,998001,3427555,136233,217507,34252,0,,7141,48609,1,31590
2017/04,4412,1944,0,,,4245954,392310,,3853644,24330,31933,,11541,136827,3882,443893,0,443893,443893,0,0,0,65754,135,,6852,4977463,1009336,3565100,130664,182593,2389,0,,7177,48609,1,31590
2017/05,4412,2041,0,,,4272495,370583,,3901912,24283,32489,,11426,139603,3940,444223,0,444223,444223,0,0,0,66029,95,,6966,5008008,995152,3516824,147530,266857,567,0,,621,48609,1,31844
2017/06,4412,2211,0,,,4274256,349786,,3924470,20093,32034,,11300,143713,4024,452752,0,452752,452752,0,0,0,66118,3332,,6834,5021084,1003636,3629451,160251,137830,2834,0,,6625,48609,1,31844
2017/07,4412,2289,0,,,4305105,328439,,3976666,23829,32084,,11185,146995,4119,452443,0,452443,452443,0,0,0,66200,105,,6830,5055602,1006947,3629179,145970,186381,121,0,,6547,48609,1,31844
2017/08,4412,2317,0,,,4355426,305981,,4049445,24796,32718,,11059,154696,4193,453068,0,453068,453068,0,0,0,66115,118,,6921,5115845,1008307,3635896,145139,237233,325,0,,8487,48609,1,31844
2017/09,4412,2322,0,,,4359081,316690,,4042390,19384,31884,,11159,158421,4348,468793,0,468793,468793,0,0,0,67517,102,,7010,5134438,1007945,3691271,162744,178428,3885,0,,6776,51541,1,31844
2017/10,4412,2343,0,,,4403930,288487,,4115442,22171,32295,,10825,160913,4416,464901,0,464901,464901,0,0,0,67136,79,,7035,5180461,1015007,3703649,156847,207638,567,0,,16296,48609,1,31844
2017/11,4412,2325,0,,,4435715,250196,,4185518,21781,32220,,10696,166188,4441,466508,0,466508,466508,0,0,0,67089,137,,7083,5218600,1019734,3647941,178409,276067,468,0,,15524,48609,1,31844
2017/12,4412,2240,0,,,4406729,221560,,4185168,21809,31747,,10575,172353,4475,485314,0,485314,485314,0,0,0,67460,45,,6997,5214161,1067165,3684893,201196,154745,3893,0,,21812,48609,1,31844
2018/01,4412,2370,0,,,4460764,223631,,4237132,22169,32463,,10466,177105,4500,478553,0,478553,478553,0,0,0,67106,89,,7033,5267036,1033885,3685501,189836,255721,146,0,,21489,48609,1,31844
2018/02,4412,2580,0,,,4517864,218224,,4299640,23014,32797,,10358,182748,4595,479314,0,479314,479314,0,0,0,66869,88,,7145,5331792,1037065,3667044,198300,325987,1669,0,,21269,48609,1,31844
2018/03,4412,2743,0,,,4483261,217587,,4265674,20574,31921,,10488,189348,4761,464119,0,464119,464119,0,0,0,63695,240,,7291,5282856,1040004,3782379,214003,151248,3112,0,,8244,52017,1,31844
2018/04,4412,2662,0,,,4539787,202213,,4337574,23289,32238,,10124,194976,4724,464271,0,464271,464271,0,0,0,66474,230,,7317,5350510,1050244,3884983,191004,128232,1452,0,,10729,52017,1,31844
2018/05,4412,2754,0,,,4593943,194977,,4398965,22941,32606,,10004,197674,4782,464633,0,464633,464633,0,0,0,66772,92,,7417,5408036,1036575,3841917,204014,236886,1119,0,,3276,52017,1,32226
2018/06,4412,2859,0,,,4547638,193983,,4353654,20891,31786,,9884,204854,4818,465495,0,465495,465495,0,0,0,66828,3455,,7243,5370168,1045270,3936205,212773,80511,1357,0,,9803,52017,1,32226
2018/07,4412,2814,0,,,4637204,195479,,4441724,21616,31862,,9765,210655,4892,465520,0,465520,465520,0,0,0,66935,95,,7334,5463108,1046012,3936014,207315,165958,13765,0,,9795,52017,1,32226
2018/08,4412,2713,0,,,4682067,181855,,4500212,21122,32233,,9565,213040,4915,465009,0,465009,465008,1,0,0,66714,97,,7471,5509363,1047501,3924272,210704,227889,1756,0,,12993,52017,1,32226
2018/09,4412,2772,0,,,4621375,147772,,4473603,21680,31803,,9724,216513,4980,467625,0,467625,467625,0,0,0,68172,112,,7441,5456615,1047161,3954798,227742,125123,2926,0,,10329,56305,1,32226
2018/10,4412,2828,0,,,4676544,133669,,4542875,22925,32186,,9337,222796,4950,467262,0,467262,467262,0,0,0,67289,97,,7422,5518054,1050559,3969962,230917,161521,151,0,,20696,52017,1,32226
2018/11,4412,2763,0,,,4705591,120173,,4585418,24031,32398,,9217,228958,4960,467721,0,467721,467721,0,0,0,67405,115,,7433,5555010,1055635,3912118,236162,243775,2589,0,,20482,52017,1,32226
2018/12,4412,2471,0,,,4675585,114454,,4561130,19747,32092,,9108,235497,5029,461973,0,461973,461973,0,0,0,67592,94,,7237,5520843,1103625,3890091,252879,162394,657,0,,26950,52017,1,32226
2019/01,4412,2436,0,,,4714514,107905,,4606609,22134,32610,,9000,241258,5041,463283,0,463283,463283,0,0,0,67105,118,,7264,5569180,1067531,3885952,228580,276325,209,0,,26335,52017,1,32226
2019/02,4412,2411,0,,,4762643,104438,,4658205,23432,32716,,8892,244738,5075,460186,0,460186,460186,0,0,0,67304,120,,7330,5619262,1071114,3853453,233301,350132,332,0,,26683,52017,1,32226
2019/03,4412,2500,0,,,4699538,103675,,4595862,20420,32066,,8970,247848,5178,474361,0,474361,474361,0,0,0,67321,219,,7403,5570243,1075592,3938836,274946,175228,1908,0,,10181,61322,1,32226
2019/04,4412,2100,0,,,4744670,97600,,4647069,21975,32260,,8626,252262,5203,473199,0,473199,473199,0,0,0,67895,318,,7432,5620357,1115417,3981294,262994,156671,0,0,,10429,61322,1,32226
2019/05,4412,2127,0,,,4794303,104951,,4689352,21969,32749,,8515,256029,5236,470963,0,470963,470963,0,0,0,67600,161,,7494,5671565,1070297,3998907,252602,255231,205,0,,478,61322,1,32520
2019/06,4412,2260,0,,,4763453,103960,,4659493,22132,31549,,8406,262366,5259,470314,0,470314,470314,0,0,0,67463,3639,,7405,5648665,1076927,4106442,261273,103190,28,0,,6959,61322,1,32520
2019/07,4412,2385,0,,,4798933,104566,,4694367,21849,31592,,8286,266293,5259,469127,0,469127,469127,0,0,0,67438,100,,7462,5683142,1074230,4057941,258413,191568,328,0,,6815,61322,1,32520
2019/08,4412,2330,0,,,4837437,97249,,4740187,21610,32228,,8171,271710,5270,469311,0,469311,469310,1,0,0,67036,125,,7547,5727192,1074353,4036194,254494,257068,261,0,,10977,61322,1,32520
2019/09,4412,2284,0,,,4796810,102988,,4693821,21916,31428,,8254,274694,5355,478006,0,478006,478006,0,0,0,66490,140,,8232,5698026,1071679,4083259,280593,156748,1064,0,,9735,62423,1,32520
2019/10,4412,2214,0,,,4848447,101460,,4746987,21813,32381,,7953,279170,5317,480206,0,480206,480206,0,0,0,67181,134,,7469,5756702,1075100,4105629,275128,188571,36,0,,18392,61322,1,32520
2019/11,4412,2080,0,,,4877969,92800,,4785169,21688,32774,,7844,279427,5386,478906,0,478906,478906,0,0,0,67187,129,,7513,5785322,1077533,4046084,290293,258523,540,0,,18503,61322,1,32520
2019/12,4412,1802,0,,,4813419,93980,,4719438,21981,31907,,7729,282508,5528,486589,0,486589,486589,0,0,0,67225,32,,7393,5730531,1127418,4005470,322467,155459,905,0,,24966,61322,1,32520
2020/01,4412,1849,0,,,4861759,108238,,4753520,22072,32577,,7516,285113,5552,487590,0,487590,487590,0,0,0,67326,85,,7495,5783352,1089688,4032897,296882,244768,188,0,,25083,61322,1,32520
2020/02,4412,1894,0,,,4923670,126030,,4797640,21818,32939,,7420,288718,5574,487585,0,487585,487585,0,0,0,67466,102,,7604,5849208,1091035,4018410,297158,323035,233,0,,25492,61322,1,32520
2020/03,4412,2050,0,,,4859181,123767,,4735413,25518,32208,,7277,297189,5753,543286,0,543286,543286,0,0,0,259662,239,,8066,6044846,1096165,3952560,518202,126338,241163,0,,13793,64101,1,32520
2020/04,4412,1915,0,,,4927053,137452,,4789600,32605,33938,,6973,312103,5934,550193,0,550193,550193,0,0,0,306907,170,,8098,6190306,1120107,4121979,527937,119825,190497,0,,13336,64101,1,32520
2020/05,4412,2030,0,,,5001671,173400,,4828271,40666,38303,,6879,322512,6031,644974,0,644974,644974,0,0,0,310137,187,,8114,6385922,1113536,4271394,518212,200368,185014,0,,125,64101,1,33167
2020/06,4412,2211,0,,,5091733,303194,,4788539,44376,41007,,6764,327584,6151,718603,0,718603,718603,0,0,0,235679,3518,,7419,6489462,1132779,4470196,430165,244099,108010,0,,6940,64101,1,33167
2020/07,4412,2093,0,,,5266639,421902,,4844736,46683,45137,,6654,335190,6240,781709,0,781709,781709,0,0,0,156567,76,,7446,6658852,1138986,4574489,337623,468224,35417,0,,6841,64101,1,33167
2020/08,4412,1870,0,,,5357122,454290,,4902831,48735,49831,,6534,339935,6292,861255,0,861255,861255,0,0,0,145401,76,,7520,6828990,1136614,4642197,335824,573654,31070,0,,12357,64101,1,33167
2020/09,4412,1751,0,,,5299563,445760,,4853803,42568,53482,,6528,341861,6420,1048956,0,1048956,1048956,0,0,0,86526,60,,8136,6900269,1135728,4874600,303486,471587,6214,0,,9916,65566,1,33167
2020/10,4412,1694,0,,,5361247,447581,,4913666,44850,57408,,6316,347717,6376,1075498,0,1075498,1075498,0,0,0,69315,68,,7402,6982309,1139348,4893187,273180,559591,7,0,,19723,64101,1,33167
2020/11,4412,1604,0,,,5391971,415328,,4976642,41800,61929,,6082,351389,6469,1111482,0,1111482,1111482,0,0,0,68178,243,,7484,7053047,1140961,4867921,266687,660153,135,0,,19918,64101,1,33167
2020/12,4412,1396,0,,,5355098,411957,,4943141,43702,64646,,5970,353005,6505,1116649,0,1116649,1116649,0,0,0,67062,5,,7367,7025822,1183281,4942272,282064,491950,3241,0,,25741,64101,1,33167
2021/01,4412,1513,0,,,5366476,375981,,4990495,45337,69028,,5873,355722,6535,1165532,0,1165532,1165532,0,0,0,67036,88,,7377,7094935,1155820,4959006,260241,596880,132,0,,25584,64101,1,33167
2021/02,4412,1757,0,,,5398366,350523,,5047842,42720,73360,,5782,357057,6553,1161344,0,1161344,1161344,0,0,0,67041,177,,7446,7126021,1158089,4938695,252778,653069,284,0,,25834,64101,1,33167
2021/03,4412,1991,0,,,5321652,363882,,4957770,28764,74984,,5810,358796,6668,1258402,0,1258402,1258402,0,0,0,76787,181,,7113,7145566,1160116,5225703,268024,369179,5947,0,,14081,69345,1,33167
2021/04,4412,1931,0,,,5360979,353910,,5007069,28962,75814,,5554,360649,6574,1276615,0,1276615,1276615,0,0,0,73574,65,,7182,7202316,1173577,5330616,257223,327286,414,0,,10684,69345,1,33167
2021/05,4412,2062,0,,,5385507,334314,,5051193,27858,77594,,5463,361350,6571,1294577,0,1294577,1294577,0,0,0,73659,95,,7256,7246409,1159643,5299655,259330,427221,23,0,,-2588,69345,1,33777
2021/06,4412,2270,0,,,5299654,306659,,4992995,27733,77783,,5351,361350,6571,1300776,0,1300776,1300776,0,0,0,74828,1144,,7129,7169006,1165926,5379105,246795,267856,1084,0,,5114,69345,1,33777
2021/07,4412,2498,0,,,5344157,304596,,5039561,29748,77879,,5249,362050,6571,1315022,0,1315022,1315022,0,0,0,74650,57,,7130,7229429,1169569,5388797,232243,330839,24,0,,4831,69345,1,33777
2021/08,4412,2555,0,,,5361744,273875,,5087869,31778,79428,,5142,362050,6548,1331508,0,1331508,1331508,0,0,0,74715,42,,7175,7267102,1169955,5393055,239988,349672,22,0,,11284,69345,1,33777
2021/09,4412,2649,0,,,5280295,245266,,5035029,30564,79392,,5179,362050,6642,1384178,0,1384178,1384178,0,0,0,77116,58,,8037,7240579,1167875,5416619,277115,260913,1273,0,,11356,71647,1,33777
2021/10,4412,2821,0,,,5279579,187267,,5092311,32713,80437,,4934,363452,6548,1393633,0,1393633,1393633,0,0,0,76180,61,,7111,7251886,1173817,5416171,252236,286251,250,0,,20035,69345,1,33777
2021/11,4412,2593,0,,,5294973,155065,,5139907,31772,82281,,4831,363452,6544,1407675,0,1407675,1407675,0,0,0,76344,149,,7154,7282186,1176523,5377354,263898,340894,317,0,,20074,69345,1,33777
2021/12,4412,2516,0,,,5211195,132900,,5078295,29929,82650,,4719,363452,6544,1448478,0,1448478,1448478,0,0,0,76691,2,,7065,7237659,1219637,5430417,280021,177133,676,0,,26648,69345,1,33777
2022/01,4412,2653,0,,,5232279,110893,,5121385,31639,84040,,4622,364044,6544,1437239,0,1437239,1437239,0,0,0,76813,71,,7081,7251444,1190687,5390742,252181,287909,244,0,,26555,69345,1,33777
2022/02,4412,2767,0,,,5275472,112836,,5162635,30860,84994,,4531,365472,6566,1446010,0,1446010,1446010,0,0,0,77081,222,,7159,7305553,1192174,5397075,250032,336076,27,0,,27044,69345,1,33777
2022/03,4412,2983,0,,,5261736,149424,,5112312,25143,85830,,4575,365657,6661,1515328,0,1515328,1515328,0,0,0,83064,47,,7093,7362535,1198707,5631784,265688,130325,9199,0,,16045,77005,1,33777
2022/04,4412,3125,0,,,5338814,155367,,5183446,29912,85799,,4296,366713,6566,1458832,0,1458832,1458832,0,0,0,80899,256,,7284,7386915,1212685,5621733,265191,157090,5820,0,,13610,77005,1,33777
2022/05,4412,3286,0,,,5381785,141682,,5240103,29753,86082,,4191,366955,6564,1393326,0,1393326,1393326,0,0,0,81103,102,,7346,7364911,1196652,5487881,271619,296567,2156,0,,-1412,77005,1,34439
2022/06,4412,3426,0,,,5424527,142260,,5282266,27041,84825,,4070,368111,6576,1312385,0,1312385,1312385,0,0,0,84258,375,,7295,7327306,1201862,5523049,282581,167873,32280,0,,8212,77005,1,34439
2022/07,4412,3559,0,,,5452620,134400,,5318220,28102,84226,,3960,369057,6576,1208637,0,1208637,1208637,0,0,0,85077,47,,7294,7253573,1203474,5407009,262820,250172,9771,0,,8878,77005,1,34439
2022/08,4412,3693,0,,,5476088,110130,,5365957,28423,83938,,3838,369057,6574,1024236,0,1024236,1024236,0,0,0,84839,54,,7331,7092488,1204343,5196523,273776,283484,5974,0,,16939,77005,1,34439
2022/09,4412,3758,0,,,5455211,90310,,5364901,25333,83337,,3842,369057,6669,801415,0,801415,801415,0,0,0,97402,55,,7403,6857902,1201516,4930197,344619,213352,27558,0,,19554,86662,1,34439
2022/10,4412,3769,0,,,5565499,87367,,5478132,26456,82333,,3618,369057,6574,800167,0,800167,800167,0,0,0,90255,55,,7331,6959532,1206895,4953050,355848,278934,23657,0,,29699,77005,1,34439
2022/11,4412,3827,0,,,5614526,90100,,5524425,27312,82554,,3384,369057,6571,791023,0,791023,791023,0,0,0,88735,93,,7432,6998931,1209521,4941060,356967,343758,8416,0,,27761,77005,1,34439
2022/12,4412,3774,0,,,5641557,77233,,5564323,25682,81869,,3267,369758,6571,806690,0,806690,806690,0,0,0,88496,3,,7329,7039414,1250683,5024843,379849,203130,35624,0,,33836,77005,1,34439
2023/01,4412,3829,0,,,5835491,68508,,5766983,26130,81765,,3166,369758,6571,911248,0,911248,911248,0,0,0,87779,52,,7554,7337761,1223005,5247533,335319,314113,73389,0,,32954,77005,1,34439
2023/02,4412,3992,0,,,5883099,58465,,5824634,26480,81888,,3065,369758,6569,919708,0,919708,919708,0,0,0,89039,94,,7689,7395800,1221394,5248737,310137,402349,67109,0,,34625,77005,1,34439
2023/03,4412,4166,0,,,5817206,55009,,5762197,21232,80089,,3047,370459,6665,944397,0,944397,944397,0,0,0,91105,97,,8284,7351165,1219550,5490781,289024,155979,53709,0,,22296,85384,1,34439
2023/04,4412,4192,0,,,5866295,51553,,5814741,22972,79293,,2829,371160,6569,944277,0,944277,944277,0,0,0,90170,172,,8380,7400726,1227166,5529142,316968,137902,48525,0,,21196,85384,1,34439
2023/05,4412,4297,0,,,5928156,51435,,5876720,24524,78709,,2723,371160,6567,935027,0,935027,935027,0,0,0,91354,108,,8476,7455518,1210401,5464409,333663,297263,27876,0,,1035,85384,1,35483
2023/06,4412,4332,0,,,5828729,30792,,5797936,23466,72883,,2607,371160,6567,912362,0,912362,912362,0,0,0,93527,153,,8082,7328285,1213784,5444447,365425,129322,44104,0,,10333,85384,1,35483
2023/07,4412,4443,0,,,5898803,28199,,5870604,25788,70045,,2501,371160,6567,930856,0,930856,930856,0,0,0,93366,42,,8153,7416142,1212699,5428092,367915,225472,50892,0,,10201,85384,1,35483
2023/08,4412,4473,0,,,5964278,27544,,5936733,27907,70161,,2385,371160,6565,930717,0,930717,930717,0,0,0,94956,84,,8273,7485376,1211668,5484818,359395,259090,28412,0,,21121,85384,1,35483
2023/09,4412,4475,0,,,5868781,22673,,5846107,22614,67318,,2352,371160,6662,955308,0,955308,955308,0,0,0,103261,65,,8497,7414910,1206494,5471928,382927,153539,48394,0,,22175,93967,1,35483
2023/10,4412,4571,0,,,5948528,25765,,5922762,24184,64439,,2168,371861,6565,973868,0,973868,973868,0,0,0,97422,61,,8419,7506502,1208338,5517021,396200,178985,52949,0,,32137,85384,1,35483
2023/11,4412,4528,0,,,6000647,25175,,5975472,24972,63361,,2062,371861,6563,973167,0,973167,973167,0,0,0,97498,135,,8594,7557805,1210338,5440582,434811,279510,39926,0,,31767,85384,1,35483
2023/12,4412,4379,0,,,5922695,38593,,5884102,22874,60415,,1951,371861,6563,998781,0,998781,998781,0,0,0,97280,14,,8402,7499632,1246080,5436785,446397,169089,41782,0,,38629,85384,1,35483
2024/01,4412,4465,0,,,5968971,39154,,5929817,24818,60654,,1850,371861,6563,1013629,0,1013629,1013629,0,0,0,98623,47,,8437,7564336,1216362,5436877,427408,286550,36238,0,,40030,85384,1,35483
2024/02,4412,4524,0,,,6007696,40532,,5967163,26307,61097,,1750,371861,6561,1011994,0,1011994,1011993,1,0,0,99458,83,,8560,7604307,1212928,5385287,419445,387430,36727,0,,41619,85384,1,35483
2024/03,4412,4593,0,,,5896634,40466,,5856168,22109,60727,,1707,371861,6659,1079079,0,1079079,1079079,0,0,0,107361,100,,8984,7564231,1208798,5611820,378433,157103,42585,0,,28865,101140,1,35483
2024/04,4412,4566,0,,,5937579,40158,,5897420,23691,59049,,1527,371861,6561,1062630,0,1062630,1062630,0,0,0,102109,156,,9052,7583199,1211914,5703371,345842,25202,136562,0,,23680,101140,1,35483
2024/05,4412,4592,0,,,5967126,38980,,5928145,21023,59001,,1417,371861,6559,1062769,0,1062769,1062769,0,0,0,102862,91,,9133,7610851,1194694,5515243,354600,113322,298790,0,,-3569,101140,1,36627
2024/06,4412,4646,0,,,5884969,36925,,5848043,20665,58235,,1311,371861,6559,1069647,0,1069647,1069647,0,0,0,105182,173,,9044,7536709,1189098,5517714,429174,75330,181659,0,,5964,101140,1,36627
2024/07,4412,4642,0,,,5927967,29604,,5898362,21805,57043,,1195,371861,6559,1107612,0,1107612,1107612,0,0,0,104912,39,,9088,7617141,1199336,5484748,389992,79461,320310,0,,5522,101140,1,36627
2024/08,4412,4702,0,,,5961587,26716,,5934871,20691,57157,,1085,371861,6557,1107509,0,1107509,1107509,0,0,0,103310,73,,9166,7648115,1197292,5504335,400733,45263,348696,0,,14025,101140,1,36627
2024/09,4412,4665,0,,,5854538,24627,,5829910,19074,55000,,1024,371861,6574,1099167,0,1099167,1099167,0,0,0,105870,71,,10732,7532992,1193371,5494207,438806,36023,212888,0,,20347,100720,1,36627
2024/10,4412,4643,0,,,5893327,23985,,5869342,19303,53521,,868,371861,6557,1099168,0,1099168,1099168,0,0,0,105769,59,,9141,7568635,1196560,5483546,469877,32115,224968,0,,23798,101140,1,36627
2024/11,4412,4595,0,,,5925952,23547,,5902405,16553,53410,,763,371861,6556,1099130,0,1099130,1099130,0,0,0,106989,102,,9267,7599596,1200394,5431268,505271,48468,252092,0,,24332,101140,1,36627
2024/12,4412,4478,0,,,5823627,19550,,5804076,14701,50956,,652,371861,6556,1085243,0,1085243,1085243,0,0,0,108269,20,,9141,7479920,1240778,5315098,579377,63023,112023,0,,31849,101140,1,36627
2025/01,4412,4561,0,,,5855453,16999,,5838453,15710,49970,,552,371861,6556,1016462,0,1016462,1016462,0,0,0,108678,75,,9161,7443455,1203151,5284411,478496,31562,276867,0,,31197,101140,1,36627
2025/02,4412,4685,0,,,5885077,16999,,5868077,14575,49312,,457,371861,6554,1016119,0,1016119,1016119,0,0,0,108107,105,,9251,7470520,1193680,5312461,426055,24297,346200,0,,30058,101140,1,36627
2025/03,4412,4783,0,,,5759308,17033,,5742275,10402,48537,,369,371861,6657,968126,0,968126,968126,0,0,0,111835,128,,11245,7297669,1186685,5304326,470174,39380,128331,0,,26278,105864,1,36627
2025/04,4412,4791,0,,,5782800,17033,,5765766,8805,46042,,241,371861,6553,968117,0,968117,968117,0,0,0,107052,33,,11317,7312029,1185939,5431559,404764,25722,102046,0,,19504,105864,1,36627
2025/05,4412,4822,0,,,5807331,17033,,5790298,8011,45490,,136,371861,6552,967938,0,967938,967938,0,0,0,107993,76,,11407,7336035,1172896,5322552,427854,66544,206875,0,,-4313,105864,1,37759
2025/06,4412,4784,0,,,5675116,17033,,5658083,7182,41384,,25,371861,6552,945700,0,945700,945700,0,0,0,108325,173,,9424,7174942,1172196,5291143,456551,21301,88559,0,,1564,105864,1,37759
2025/07,4412,4645,0,,,5688986,17033,,5671953,6412,37718,,0,371861,6552,974933,0,974933,974933,0,0,0,109052,59,,9463,7214098,1172415,5244375,434113,90985,128714,0,,-131,105864,1,37759
2025/08,4412,4544,0,,,5716487,17033,,5699454,5329,36944,,0,371861,6550,974780,0,974780,974780,0,0,0,109699,98,,9594,7240302,1173184,5236394,451398,31083,194240,0,,10376,105864,1,37759
2025/09,4412,4430,0,,,5567576,17066,,5550509,3972,34921,,0,371861,6658,838089,0,838089,838089,0,0,0,113926,100,,11869,6957819,1166246,5020768,475810,24006,108521,0,,20499,104206,1,37759
2025/10,4412,4399,0,,,5581586,17033,,5564553,2028,33044,,0,371861,6550,838096,0,838096,838096,0,0,0,111634,60,,9812,6963487,1168498,4976935,466291,26190,164899,0,,17048,105864,1,37759
2025/11,4412,4363,0,,,5597938,17033,,5580905,846,31994,,,371861,6548,838035,0,838035,838035,0,0,0,113404,133,,9950,6979490,1168180,4870260,493372,40798,246460,0,,16793,105864,1,37759
2025/12,4412,4144,0,,,5443951,0,,5443951,298,27181,,,371861,6548,795208,0,795208,795208,0,0,0,114323,2,,9830,6777762,1206060,4709445,552466,51314,92177,0,,22673,105864,1,37759
2026/01,4412,4186,0,,,5455827,0,,5455827,,25840,,,371808,6547,835058,0,835058,835058,0,0,0,115048,86,,9864,6828680,1173661,4681228,503877,26775,278161,0,,21351,105864,1,37759
2026/02,4412,4248,0,,,5466799,0,,5466799,,24137,,,371552,6543,835058,0,835058,835058,0,0,0,114739,184,,10029,6837705,1169343,4611006,488094,44468,361990,0,,19176,105864,1,37759
2026/03,4412,4289,0,,,5308695,0,,5308695,,21932,,,371214,6649,777209,0,777209,777209,0,0,0,123334,73,,12439,6630250,1163156,4597432,497108,21548,179871,0,,23806,109566,1,37759
2026/04,4412,4333,0,,,5319488,0,,5319488,,19904,,,370935,6532,777201,0,777201,777201,0,0,0,117190,37,,12497,6632533,1168371,4694301,465119,21270,120957,0,,15186,109566,1,37759
2026/05,4412,4367,0,,,5331355,0,,5331355,,18979,,,370700,6526,777206,0,777206,777206,0,0,0,117413,97,,12572,6643630,1151799,4520984,435340,51700,342108,0,,-6593,109566,1,38722
2026/06,4412,4337,0,,,5183423,0,,5183423,,16300,,,370403,6521,680379,0,680379,680379,0,0,0,119482,88,,10159,6395509,1150317,4403645,484689,27746,179926,0,,893,109566,1,38722
2026/07,4412,4444,0,,,5193818,0,,5193818,,14395,,,370098,6516,718588,0,718588,718588,0,,0,120432,44,,10206,6442957,1149807,4380122,466328,73350,225484,0,,-425,109566,1,38722
2026/08,,,,,,,,,,,,,,,,,,,,,,,,,,,,,,,,,,,,,,
2026/09,,,,,,,,,,,,,,,,,,,,,,,,,,,,,,,,,,,,,,
2026/10,,,,,,,,,,,,,,,,,,,,,,,,,,,,,,,,,,,,,,
2026/11,,,,,,,,,,,,,,,,,,,,,,,,,,,,,,,,,,,,,,
2026/12,,,,,,,,,,,,,,,,,,,,,,,,,,,,,,,,,,,,,,
