date,FPF-STRATEGY_CREDIT_NAV_SUM,FPF-STRATEGY_EQUITY_NAV_SUM,FPF-STRATEGY_MACRO_NAV_SUM,FPF-STRATEGY_MULTI_NAV_SUM,FPF-STRATEGY_EVENT_NAV_SUM,FPF-STRATEGY_RV_NAV_SUM,FPF-STRATEGY_OTHER_NAV_SUM,FPF-STRATEGY_FUTURES_NAV_SUM,FPF-STRATEGY_FOF_NAV_SUM
,Credit strategy funds: net assets (U.S. dollars),Equity strategy funds: net assets (U.S. dollars),Macro strategy funds: net assets (U.S. dollars),Multi strategy funds: net assets (U.S. dollars),Event strategy funds: net assets (U.S. dollars),Relative Value strategy funds: net assets (U.S. dollars),Other strategy funds: net assets (U.S. dollars),Managed futures strategy funds: net assets (U.S. dollars),Fund of funds: net assets (U.S. dollars)
2013-03-31,87000000000.0,582000000000.0,166000000000.0,491000000000.0,153000000000.0,115000000000.0,404000000000.0,36000000000.0,8000000000.0
2013-06-30,81000000000.0,585000000000.0,175000000000.0,522000000000.0,159000000000.0,104000000000.0,419000000000.0,33000000000.0,7000000000.0
2013-09-30,88000000000.0,639000000000.0,175000000000.0,509000000000.0,174000000000.0,103000000000.0,439000000000.0,34000000000.0,10000000000.0
2013-12-31,98000000000.0,687000000000.0,190000000000.0,595000000000.0,186000000000.0,124000000000.0,460000000000.0,39000000000.0,9000000000.0
2014-03-31,107000000000.0,694000000000.0,185000000000.0,627000000000.0,198000000000.0,128000000000.0,476000000000.0,37000000000.0,11000000000.0
2014-06-30,114000000000.0,749000000000.0,188000000000.0,675000000000.0,218000000000.0,131000000000.0,499000000000.0,28000000000.0,10000000000.0
2014-09-30,114000000000.0,748000000000.0,181000000000.0,643000000000.0,214000000000.0,146000000000.0,511000000000.0,20000000000.0,14000000000.0
2014-12-31,113000000000.0,780000000000.0,166000000000.0,683000000000.0,198000000000.0,160000000000.0,517000000000.0,28000000000.0,13000000000.0
2015-03-31,111000000000.0,819000000000.0,228000000000.0,680000000000.0,232000000000.0,170000000000.0,533000000000.0,44000000000.0,11000000000.0
2015-06-30,118000000000.0,838000000000.0,228000000000.0,723000000000.0,212000000000.0,137000000000.0,551000000000.0,30000000000.0,10000000000.0
2015-09-30,117000000000.0,785000000000.0,216000000000.0,659000000000.0,207000000000.0,163000000000.0,531000000000.0,44000000000.0,14000000000.0
2015-12-31,115000000000.0,816000000000.0,203000000000.0,650000000000.0,207000000000.0,150000000000.0,529000000000.0,33000000000.0,11000000000.0
2016-03-31,119000000000.0,775000000000.0,176000000000.0,647000000000.0,191000000000.0,149000000000.0,540000000000.0,38000000000.0,11000000000.0
2016-06-30,115000000000.0,772000000000.0,182000000000.0,641000000000.0,183000000000.0,151000000000.0,542000000000.0,55000000000.0,13000000000.0
2016-09-30,118000000000.0,789000000000.0,202000000000.0,646000000000.0,191000000000.0,150000000000.0,563000000000.0,57000000000.0,13000000000.0
2016-12-31,125000000000.0,770000000000.0,194000000000.0,636000000000.0,197000000000.0,151000000000.0,592000000000.0,54000000000.0,14000000000.0
2017-03-31,126000000000.0,824000000000.0,194000000000.0,647000000000.0,184000000000.0,146000000000.0,623000000000.0,58000000000.0,14000000000.0
2017-06-30,133000000000.0,847000000000.0,194000000000.0,636000000000.0,187000000000.0,157000000000.0,664000000000.0,60000000000.0,19000000000.0
2017-09-30,144000000000.0,878000000000.0,191000000000.0,671000000000.0,193000000000.0,135000000000.0,692000000000.0,61000000000.0,22000000000.0
2017-12-31,146000000000.0,901000000000.0,196000000000.0,678000000000.0,193000000000.0,127000000000.0,719000000000.0,63000000000.0,23000000000.0
2018-03-31,145000000000.0,900000000000.0,221000000000.0,665000000000.0,196000000000.0,169000000000.0,739000000000.0,51000000000.0,19000000000.0
2018-06-30,150000000000.0,930000000000.0,205000000000.0,666000000000.0,194000000000.0,176000000000.0,764000000000.0,49000000000.0,19000000000.0
2018-09-30,152000000000.0,951000000000.0,187000000000.0,671000000000.0,188000000000.0,181000000000.0,784000000000.0,49000000000.0,22000000000.0
2018-12-31,154000000000.0,835000000000.0,177000000000.0,610000000000.0,178000000000.0,178000000000.0,751000000000.0,47000000000.0,26000000000.0
2019-03-31,169000000000.0,908000000000.0,188000000000.0,619000000000.0,183000000000.0,181000000000.0,797000000000.0,48000000000.0,24000000000.0
2019-06-30,167000000000.0,918000000000.0,187000000000.0,643000000000.0,188000000000.0,148000000000.0,833000000000.0,48000000000.0,25000000000.0
2019-09-30,175000000000.0,929000000000.0,183000000000.0,593000000000.0,181000000000.0,189000000000.0,846000000000.0,49000000000.0,28000000000.0
2019-12-31,181000000000.0,988000000000.0,152000000000.0,598000000000.0,180000000000.0,180000000000.0,868000000000.0,48000000000.0,26000000000.0
2020-03-31,169000000000.0,856000000000.0,144000000000.0,535000000000.0,151000000000.0,140000000000.0,788000000000.0,45000000000.0,34000000000.0
2020-06-30,203000000000.0,1007000000000.0,164000000000.0,577000000000.0,163000000000.0,163000000000.0,863000000000.0,48000000000.0,23000000000.0
2020-09-30,210000000000.0,1073000000000.0,179000000000.0,636000000000.0,177000000000.0,161000000000.0,895000000000.0,43000000000.0,24000000000.0
2020-12-31,217000000000.0,1226000000000.0,187000000000.0,576000000000.0,192000000000.0,150000000000.0,957000000000.0,46000000000.0,24000000000.0
2021-03-31,228000000000.0,1254000000000.0,188000000000.0,608000000000.0,225000000000.0,135000000000.0,1025000000000.0,46000000000.0,29000000000.0
2021-06-30,243000000000.0,1366000000000.0,197000000000.0,655000000000.0,244000000000.0,133000000000.0,1133000000000.0,51000000000.0,29000000000.0
2021-09-30,263000000000.0,1379000000000.0,195000000000.0,671000000000.0,255000000000.0,141000000000.0,1176000000000.0,56000000000.0,30000000000.0
2021-12-31,259000000000.0,1362000000000.0,183000000000.0,708000000000.0,240000000000.0,149000000000.0,1187000000000.0,61000000000.0,33000000000.0
2022-03-31,264000000000.0,1245000000000.0,188000000000.0,713000000000.0,230000000000.0,156000000000.0,1221000000000.0,69000000000.0,50000000000.0
2022-06-30,264000000000.0,1098000000000.0,187000000000.0,698000000000.0,231000000000.0,146000000000.0,1147000000000.0,71000000000.0,31000000000.0
2022-09-30,259000000000.0,1024000000000.0,189000000000.0,714000000000.0,235000000000.0,134000000000.0,1106000000000.0,78000000000.0,30000000000.0
2022-12-31,277000000000.0,1034000000000.0,181000000000.0,679000000000.0,237000000000.0,145000000000.0,1126000000000.0,71000000000.0,28000000000.0
2023-03-31,292000000000.0,1061000000000.0,187000000000.0,677000000000.0,228000000000.0,143000000000.0,1192000000000.0,61000000000.0,39000000000.0
2023-06-30,290000000000.0,1087000000000.0,165000000000.0,722000000000.0,231000000000.0,147000000000.0,1191000000000.0,71000000000.0,36000000000.0
2023-09-30,301000000000.0,1061000000000.0,173000000000.0,734000000000.0,223000000000.0,154000000000.0,1214000000000.0,65000000000.0,39000000000.0
2023-12-31,327000000000.0,1076000000000.0,184000000000.0,697000000000.0,227000000000.0,166000000000.0,1185000000000.0,61000000000.0,39000000000.0
2024-03-31,342000000000.0,1163000000000.0,172000000000.0,703000000000.0,235000000000.0,166000000000.0,1243000000000.0,66000000000.0,39000000000.0
2024-06-30,334000000000.0,1184000000000.0,171000000000.0,669000000000.0,241000000000.0,164000000000.0,1260000000000.0,64000000000.0,39000000000.0
2024-09-30,349000000000.0,1233000000000.0,158000000000.0,686000000000.0,243000000000.0,183000000000.0,1325000000000.0,63000000000.0,50000000000.0
2024-12-31,346000000000.0,1240000000000.0,154000000000.0,712000000000.0,227000000000.0,170000000000.0,1252000000000.0,64000000000.0,46000000000.0
2025-03-31,375000000000.0,1245000000000.0,157000000000.0,725000000000.0,225000000000.0,176000000000.0,1310000000000.0,60000000000.0,45000000000.0
2025-06-30,382000000000.0,1370000000000.0,178000000000.0,735000000000.0,249000000000.0,182000000000.0,1345000000000.0,55000000000.0,49000000000.0
2025-09-30,399000000000.0,1468000000000.0,147000000000.0,782000000000.0,249000000000.0,211000000000.0,1371000000000.0,62000000000.0,53000000000.0
2025-12-31,400000000000.0,1535000000000.0,181000000000.0,790000000000.0,252000000000.0,196000000000.0,1364000000000.0,59000000000.0,58000000000.0
2026-03-31,384000000000.0,1577000000000.0,165000000000.0,826000000000.0,234000000000.0,205000000000.0,1403000000000.0,63000000000.0,61000000000.0
